Entry ID,Contest Name,Contest ID,Entry Fee,PG,SG,SF,PF,C,G,F,UTIL,,Instructions
4957394700,NBA $4K Quarter Jukebox [Just $0.25!],185005993,$0.25,Cole Anthony (40832462),Donovan Mitchell (40832162),Landry Shamet (40832485),Miles Bridges (40832174),Collin Murray-Boyles (40832522),Daniss Jenkins (40832324),Bobby Portis (40832339),Norman Powell (40832216),,1. Column A lists all of your contest entries for this draftgroup
4957395764,NBA $4K Quarter Jukebox [Just $0.25!],185005993,$0.25,Cole Anthony (40832462),Donovan Mitchell (40832162),Landry Shamet (40832485),Miles Bridges (40832174),Collin Murray-Boyles (40832522),Daniss Jenkins (40832324),Bobby Portis (40832339),Norman Powell (40832216),,2. Your current lineup is listed next to each entry (blank for reservations)
4957395765,NBA $4K Quarter Jukebox [Just $0.25!],185005993,$0.25,Cole Anthony (40832462),Donovan Mitchell (40832162),Landry Shamet (40832485),Miles Bridges (40832174),Collin Murray-Boyles (40832522),Daniss Jenkins (40832324),Bobby Portis (40832339),Norman Powell (40832216),,3. You can change the lineup for an entry by entering the IDs of the players in the row next to that entry
4957395766,NBA $4K Quarter Jukebox [Just $0.25!],185005993,$0.25,Cole Anthony (40832462),Donovan Mitchell (40832162),Landry Shamet (40832485),Miles Bridges (40832174),Collin Murray-Boyles (40832522),Daniss Jenkins (40832324),Bobby Portis (40832339),Norman Powell (40832216),,4. Use data from the Name+ID column or the ID column; you cannot use just the player's name
4957395767,NBA $4K Quarter Jukebox [Just $0.25!],185005993,$0.25,Cole Anthony (40832462),Donovan Mitchell (40832162),Landry Shamet (40832485),Miles Bridges (40832174),Collin Murray-Boyles (40832522),Daniss Jenkins (40832324),Bobby Portis (40832339),Norman Powell (40832216),,5. For faster processing only include entries you are changing in the file you upload
4957395768,NBA $4K Quarter Jukebox [Just $0.25!],185005993,$0.25,Cole Anthony (40832462),Donovan Mitchell (40832162),Landry Shamet (40832485),Miles Bridges (40832174),Collin Murray-Boyles (40832522),Daniss Jenkins (40832324),Bobby Portis (40832339),Norman Powell (40832216),,
4957395769,NBA $4K Quarter Jukebox [Just $0.25!],185005993,$0.25,Cole Anthony (40832462),Donovan Mitchell (40832162),Landry Shamet (40832485),Miles Bridges (40832174),Collin Murray-Boyles (40832522),Daniss Jenkins (40832324),Bobby Portis (40832339),Norman Powell (40832216),,Position,Name + ID,Name,ID,Roster Position,Salary,Game Info,TeamAbbrev,AvgPointsPerGame
4957395770,NBA $4K Quarter Jukebox [Just $0.25!],185005993,$0.25,Cole Anthony (40832462),Donovan Mitchell (40832162),Landry Shamet (40832485),Miles Bridges (40832174),Collin Murray-Boyles (40832522),Daniss Jenkins (40832324),Bobby Portis (40832339),Norman Powell (40832216),,PF,Giannis Antetokounmpo (40832134),Giannis Antetokounmpo,40832134,PF/F/UTIL,11800,MIL@CLE 11/17/2025 07:00PM ET,MIL,61.33
4957395771,NBA $4K Quarter Jukebox [Just $0.25!],185005993,$0.25,Cole Anthony (40832462),Donovan Mitchell (40832162),Landry Shamet (40832485),Miles Bridges (40832174),Collin Murray-Boyles (40832522),Daniss Jenkins (40832324),Bobby Portis (40832339),Norman Powell (40832216),,PG,Cade Cunningham (40832137),Cade Cunningham,40832137,PG/G/UTIL,11000,IND@DET 11/17/2025 07:00PM ET,DET,53.75
4957395772,NBA $4K Quarter Jukebox [Just $0.25!],185005993,$0.25,Cole Anthony (40832462),Donovan Mitchell (40832162),Landry Shamet (40832485),Miles Bridges (40832174),Collin Murray-Boyles (40832522),Daniss Jenkins (40832324),Bobby Portis (40832339),Norman Powell (40832216),,PG,Shai Gilgeous-Alexander (40832140),Shai Gilgeous-Alexander,40832140,PG/G/UTIL,10800,OKC@NOP 11/17/2025 08:00PM ET,OKC,53.95
4957395773,NBA $4K Quarter Jukebox [Just $0.25!],185005993,$0.25,Cole Anthony (40832462),Donovan Mitchell (40832162),Landry Shamet (40832485),Miles Bridges (40832174),Collin Murray-Boyles (40832522),Daniss Jenkins (40832324),Bobby Portis (40832339),Norman Powell (40832216),,PG,Tyrese Maxey (40832143),Tyrese Maxey,40832143,PG/G/UTIL,10500,LAC@PHI 11/17/2025 07:00PM ET,PHI,55.52
4957395774,NBA $4K Quarter Jukebox [Just $0.25!],185005993,$0.25,Cole Anthony (40832462),Donovan Mitchell (40832162),Landry Shamet (40832485),Miles Bridges (40832174),Collin Murray-Boyles (40832522),Daniss Jenkins (40832324),Bobby Portis (40832339),Norman Powell (40832216),,PG,James Harden (40832146),James Harden,40832146,PG/G/UTIL,9900,LAC@PHI 11/17/2025 07:00PM ET,LAC,51.29
4957395775,NBA $4K Quarter Jukebox [Just $0.25!],185005993,$0.25,Cole Anthony (40832462),Donovan Mitchell (40832162),Landry Shamet (40832485),Miles Bridges (40832174),Collin Murray-Boyles (40832522),Daniss Jenkins (40832324),Bobby Portis (40832339),Norman Powell (40832216),,PG,LaMelo Ball (40832149),LaMelo Ball,40832149,PG/G/UTIL,9800,CHA@TOR 11/17/2025 07:30PM ET,CHA,50.29
4957395776,NBA $4K Quarter Jukebox [Just $0.25!],185005993,$0.25,Cole Anthony (40832462),Donovan Mitchell (40832162),Landry Shamet (40832485),Miles Bridges (40832174),Collin Murray-Boyles (40832522),Daniss Jenkins (40832324),Bobby Portis (40832339),Norman Powell (40832216),,SF/PF,Pascal Siakam (40832152),Pascal Siakam,40832152,SF/PF/F/UTIL,9700,IND@DET 11/17/2025 07:00PM ET,IND,44.27
4957395777,NBA $4K Quarter Jukebox [Just $0.25!],185005993,$0.25,Cole Anthony (40832462),Donovan Mitchell (40832162),Landry Shamet (40832485),Miles Bridges (40832174),Collin Murray-Boyles (40832522),Daniss Jenkins (40832324),Bobby Portis (40832339),Norman Powell (40832216),,PF,Anthony Davis (40832156),Anthony Davis,40832156,PF/F/UTIL,9600,DAL@MIN 11/17/2025 08:00PM ET,DAL,42.85
4957395778,NBA $4K Quarter Jukebox [Just $0.25!],185005993,$0.25,Cole Anthony (40832462),Donovan Mitchell (40832162),Landry Shamet (40832485),Miles Bridges (40832174),Collin Murray-Boyles (40832522),Daniss Jenkins (40832324),Bobby Portis (40832339),Norman Powell (40832216),,PF,Karl-Anthony Towns (40832159),Karl-Anthony Towns,40832159,PF/F/UTIL,9500,NYK@MIA 11/17/2025 07:30PM ET,NYK,47.33
4957395779,NBA $4K Quarter Jukebox [Just $0.25!],185005993,$0.25,Cole Anthony (40832462),Donovan Mitchell (40832162),Landry Shamet (40832485),Miles Bridges (40832174),Collin Murray-Boyles (40832522),Daniss Jenkins (40832324),Bobby Portis (40832339),Norman Powell (40832216),,SG,Donovan Mitchell (40832162),Donovan Mitchell,40832162,SG/G/UTIL,9200,MIL@CLE 11/17/2025 07:00PM ET,CLE,48.73
4957395780,NBA $4K Quarter Jukebox [Just $0.25!],185005993,$0.25,Cole Anthony (40832462),Donovan Mitchell (40832162),Landry Shamet (40832485),Miles Bridges (40832174),Collin Murray-Boyles (40832522),Daniss Jenkins (40832324),Bobby Portis (40832339),Norman Powell (40832216),,SG,Anthony Edwards (40832165),Anthony Edwards,40832165,SG/G/UTIL,9100,DAL@MIN 11/17/2025 08:00PM ET,MIN,42.53
4957395781,NBA $4K Quarter Jukebox [Just $0.25!],185005993,$0.25,Cole Anthony (40832462),Donovan Mitchell (40832162),Landry Shamet (40832485),Miles Bridges (40832174),Collin Murray-Boyles (40832522),Daniss Jenkins (40832324),Bobby Portis (40832339),Norman Powell (40832216),,PG,Jalen Brunson (40832168),Jalen Brunson,40832168,PG/G/UTIL,9000,NYK@MIA 11/17/2025 07:30PM ET,NYK,44.20
4957395782,NBA $4K Quarter Jukebox [Just $0.25!],185005993,$0.25,Cole Anthony (40832462),Donovan Mitchell (40832162),Landry Shamet (40832485),Miles Bridges (40832174),Collin Murray-Boyles (40832522),Daniss Jenkins (40832324),Bobby Portis (40832339),Norman Powell (40832216),,SF,Kawhi Leonard (40832171),Kawhi Leonard,40832171,SF/F/UTIL,8900,LAC@PHI 11/17/2025 07:00PM ET,LAC,43.5
4957395783,NBA $60K Four Point Play [$10K to 1st],185010976,$4,Cole Anthony (40832462),Donovan Mitchell (40832162),Landry Shamet (40832485),Miles Bridges (40832174),Collin Murray-Boyles (40832522),Daniss Jenkins (40832324),Bobby Portis (40832339),Norman Powell (40832216),,PF,Miles Bridges (40832174),Miles Bridges,40832174,PF/F/UTIL,8800,CHA@TOR 11/17/2025 07:30PM ET,CHA,39.73
4957395784,NBA $60K Four Point Play [$10K to 1st],185010976,$4,Cole Anthony (40832462),Donovan Mitchell (40832162),Landry Shamet (40832485),Miles Bridges (40832174),Collin Murray-Boyles (40832522),Daniss Jenkins (40832324),Bobby Portis (40832339),Norman Powell (40832216),,PF,Zion Williamson (40832177),Zion Williamson,40832177,PF/F/UTIL,8700,OKC@NOP 11/17/2025 08:00PM ET,NOP,41.2
,,,,,,,,,,,,,PF,Scottie Barnes (40832180),Scottie Barnes,40832180,PF/F/UTIL,8500,CHA@TOR 11/17/2025 07:30PM ET,TOR,44.46
,,,,,,,,,,,,,PG/SG,Tyler Herro (40832183),Tyler Herro,40832183,PG/SG/G/UTIL,8300,NYK@MIA 11/17/2025 07:30PM ET,MIA,0
,,,,,,,,,,,,,C,Bam Adebayo (40832187),Bam Adebayo,40832187,C/UTIL,8200,NYK@MIA 11/17/2025 07:30PM ET,MIA,37.59
,,,,,,,,,,,,,PF,Julius Randle (40832189),Julius Randle,40832189,PF/F/UTIL,8100,DAL@MIN 11/17/2025 08:00PM ET,MIN,47.58
,,,,,,,,,,,,,C,Jalen Duren (40832192),Jalen Duren,40832192,C/UTIL,8000,IND@DET 11/17/2025 07:00PM ET,DET,41.09
,,,,,,,,,,,,,SG,Trey Murphy III (40832194),Trey Murphy III,40832194,SG/G/UTIL,7900,OKC@NOP 11/17/2025 08:00PM ET,NOP,37.12
,,,,,,,,,,,,,PF,Evan Mobley (40832197),Evan Mobley,40832197,PF/F/UTIL,7800,MIL@CLE 11/17/2025 07:00PM ET,CLE,42.79
,,,,,,,,,,,,,PF,Chet Holmgren (40832200),Chet Holmgren,40832200,PF/F/UTIL,7800,OKC@NOP 11/17/2025 08:00PM ET,OKC,36.6
,,,,,,,,,,,,,SF,Jalen Williams (40832203),Jalen Williams,40832203,SF/F/UTIL,7700,OKC@NOP 11/17/2025 08:00PM ET,OKC,0
,,,,,,,,,,,,,C,Joel Embiid (40832206),Joel Embiid,40832206,C/UTIL,7600,LAC@PHI 11/17/2025 07:00PM ET,PHI,35.62
,,,,,,,,,,,,,SG,Brandon Ingram (40832208),Brandon Ingram,40832208,SG/G/UTIL,7500,CHA@TOR 11/17/2025 07:30PM ET,TOR,36.04
,,,,,,,,,,,,,PF,Paul George (40832211),Paul George,40832211,PF/F/UTIL,7400,LAC@PHI 11/17/2025 07:00PM ET,PHI,0
,,,,,,,,,,,,,C,Ivica Zubac (40832214),Ivica Zubac,40832214,C/UTIL,7300,LAC@PHI 11/17/2025 07:00PM ET,LAC,35.69
,,,,,,,,,,,,,SG,Norman Powell (40832216),Norman Powell,40832216,SG/G/UTIL,7300,NYK@MIA 11/17/2025 07:30PM ET,MIA,38.28
,,,,,,,,,,,,,SG,Mikal Bridges (40832219),Mikal Bridges,40832219,SG/G/UTIL,7200,NYK@MIA 11/17/2025 07:30PM ET,NYK,35.33
,,,,,,,,,,,,,SG,Cooper Flagg (40832222),Cooper Flagg,40832222,SG/G/UTIL,7100,DAL@MIN 11/17/2025 08:00PM ET,DAL,32.68
,,,,,,,,,,,,,SF,RJ Barrett (40832225),RJ Barrett,40832225,SF/F/UTIL,7000,CHA@TOR 11/17/2025 07:30PM ET,TOR,34.08
,,,,,,,,,,,,,PG,Ryan Rollins (40832228),Ryan Rollins,40832228,PG/G/UTIL,7000,MIL@CLE 11/17/2025 07:00PM ET,MIL,33.52
,,,,,,,,,,,,,PF,Andrew Wiggins (40832231),Andrew Wiggins,40832231,PF/F/UTIL,7000,NYK@MIA 11/17/2025 07:30PM ET,MIA,31.96
,,,,,,,,,,,,,SG/SF,Jaime Jaquez Jr. (40832237),Jaime Jaquez Jr.,40832237,SG/SF/F/G/UTIL,6900,NYK@MIA 11/17/2025 07:30PM ET,MIA,36.14
,,,,,,,,,,,,,SF/PF,Josh Hart (40832242),Josh Hart,40832242,SF/PF/F/UTIL,6900,NYK@MIA 11/17/2025 07:30PM ET,NYK,25.59
,,,,,,,,,,,,,SF,PJ Washington (40832234),PJ Washington,40832234,SF/F/UTIL,6900,DAL@MIN 11/17/2025 08:00PM ET,DAL,31.69
,,,,,,,,,,,,,SF,Brandon Miller (40832246),Brandon Miller,40832246,SF/F/UTIL,6800,CHA@TOR 11/17/2025 07:30PM ET,CHA,22.25
,,,,,,,,,,,,,C,Isaiah Hartenstein (40832249),Isaiah Hartenstein,40832249,C/UTIL,6800,OKC@NOP 11/17/2025 08:00PM ET,OKC,34.73
,,,,,,,,,,,,,PG,Immanuel Quickley (40832251),Immanuel Quickley,40832251,PG/G/UTIL,6700,CHA@TOR 11/17/2025 07:30PM ET,TOR,33.27
,,,,,,,,,,,,,PG/SG,Quentin Grimes (40832254),Quentin Grimes,40832254,PG/SG/G/UTIL,6700,LAC@PHI 11/17/2025 07:00PM ET,PHI,30.79
,,,,,,,,,,,,,SG/SF,Kon Knueppel (40832264),Kon Knueppel,40832264,SG/SF/F/G/UTIL,6600,CHA@TOR 11/17/2025 07:30PM ET,CHA,31.25
,,,,,,,,,,,,,PG,Andrew Nembhard (40832258),Andrew Nembhard,40832258,PG/G/UTIL,6600,IND@DET 11/17/2025 07:00PM ET,IND,31.04
,,,,,,,,,,,,,SF,OG Anunoby (40832261),OG Anunoby,40832261,SF/F/UTIL,6600,NYK@MIA 11/17/2025 07:30PM ET,NYK,31.73
,,,,,,,,,,,,,PG,Darius Garland (40832269),Darius Garland,40832269,PG/G/UTIL,6500,MIL@CLE 11/17/2025 07:00PM ET,CLE,26.58
,,,,,,,,,,,,,SF,Kyle Kuzma (40832272),Kyle Kuzma,40832272,SF/F/UTIL,6500,MIL@CLE 11/17/2025 07:00PM ET,MIL,24.25
,,,,,,,,,,,,,PG,Kevin Porter Jr. (40832278),Kevin Porter Jr.,40832278,PG/G/UTIL,6400,MIL@CLE 11/17/2025 07:00PM ET,MIL,16
,,,,,,,,,,,,,SF,Ausar Thompson (40832275),Ausar Thompson,40832275,SF/F/UTIL,6400,IND@DET 11/17/2025 07:00PM ET,DET,32.05
,,,,,,,,,,,,,C,Jarrett Allen (40832284),Jarrett Allen,40832284,C/UTIL,6300,MIL@CLE 11/17/2025 07:00PM ET,CLE,31.65
,,,,,,,,,,,,,SF,Aaron Nesmith (40832286),Aaron Nesmith,40832286,SF/F/UTIL,6300,IND@DET 11/17/2025 07:00PM ET,IND,26.57
,,,,,,,,,,,,,SG,VJ Edgecombe (40832281),VJ Edgecombe,40832281,SG/G/UTIL,6300,LAC@PHI 11/17/2025 07:00PM ET,PHI,32.58
,,,,,,,,,,,,,PG/SG,Ajay Mitchell (40832289),Ajay Mitchell,40832289,PG/SG/G/UTIL,6300,OKC@NOP 11/17/2025 08:00PM ET,OKC,31.5
,,,,,,,,,,,,,C,Myles Turner (40832293),Myles Turner,40832293,C/UTIL,6200,MIL@CLE 11/17/2025 07:00PM ET,MIL,29.02
,,,,,,,,,,,,,SG,Bennedict Mathurin (40832302),Bennedict Mathurin,40832302,SG/G/UTIL,6200,IND@DET 11/17/2025 07:00PM ET,IND,44.25
,,,,,,,,,,,,,SF,Kelly Oubre Jr. (40832295),Kelly Oubre Jr.,40832295,SF/F/UTIL,6200,LAC@PHI 11/17/2025 07:00PM ET,PHI,29.40
,,,,,,,,,,,,,PG/SG,Jordan Poole (40832298),Jordan Poole,40832298,PG/SG/G/UTIL,6200,OKC@NOP 11/17/2025 08:00PM ET,NOP,26.07
,,,,,,,,,,,,,C,Rudy Gobert (40832305),Rudy Gobert,40832305,C/UTIL,6100,DAL@MIN 11/17/2025 08:00PM ET,MIN,28.71
,,,,,,,,,,,,,PG/SG,Caris LeVert (40832309),Caris LeVert,40832309,PG/SG/G/UTIL,6000,IND@DET 11/17/2025 07:00PM ET,DET,17.83
,,,,,,,,,,,,,C,Kel'el Ware (40832307),Kel'el Ware,40832307,C/UTIL,6000,NYK@MIA 11/17/2025 07:30PM ET,MIA,28.65
,,,,,,,,,,,,,SF,Jaden McDaniels (40832313),Jaden McDaniels,40832313,SF/F/UTIL,6000,DAL@MIN 11/17/2025 08:00PM ET,MIN,31.21
,,,,,,,,,,,,,C,Andre Drummond (40832316),Andre Drummond,40832316,C/UTIL,5900,LAC@PHI 11/17/2025 07:00PM ET,PHI,24.07
,,,,,,,,,,,,,C,Jakob Poeltl (40832318),Jakob Poeltl,40832318,C/UTIL,5800,CHA@TOR 11/17/2025 07:30PM ET,TOR,25.33
,,,,,,,,,,,,,PG/SG,Collin Sexton (40832320),Collin Sexton,40832320,PG/SG/G/UTIL,5800,CHA@TOR 11/17/2025 07:30PM ET,CHA,26.75
,,,,,,,,,,,,,PG,Daniss Jenkins (40832324),Daniss Jenkins,40832324,PG/G/UTIL,5800,IND@DET 11/17/2025 07:00PM ET,DET,20.88
,,,,,,,,,,,,,SF/PF,Aaron Wiggins (40832327),Aaron Wiggins,40832327,SF/PF/F/UTIL,5800,OKC@NOP 11/17/2025 08:00PM ET,OKC,26.03
,,,,,,,,,,,,,PF,Tobias Harris (40832331),Tobias Harris,40832331,PF/F/UTIL,5700,IND@DET 11/17/2025 07:00PM ET,DET,27.25
,,,,,,,,,,,,,C,Paul Reed (40832337),Paul Reed,40832337,C/UTIL,5600,IND@DET 11/17/2025 07:00PM ET,DET,18.61
,,,,,,,,,,,,,PG,Davion Mitchell (40832334),Davion Mitchell,40832334,PG/G/UTIL,5600,NYK@MIA 11/17/2025 07:30PM ET,MIA,28.02
,,,,,,,,,,,,,PF/C,Bobby Portis (40832339),Bobby Portis,40832339,PF/C/F/UTIL,5500,MIL@CLE 11/17/2025 07:00PM ET,MIL,19.09
,,,,,,,,,,,,,SG/SF,Jarace Walker (40832347),Jarace Walker,40832347,SG/SF/F/G/UTIL,5500,IND@DET 11/17/2025 07:00PM ET,IND,23.35
,,,,,,,,,,,,,PF/C,Isaiah Stewart (40832352),Isaiah Stewart,40832352,PF/C/F/UTIL,5500,IND@DET 11/17/2025 07:00PM ET,DET,26.22
,,,,,,,,,,,,,SF/PF,Naji Marshall (40832343),Naji Marshall,40832343,SF/PF/F/UTIL,5500,DAL@MIN 11/17/2025 08:00PM ET,DAL,23.80
,,,,,,,,,,,,,PG,Donte DiVincenzo (40832356),Donte DiVincenzo,40832356,PG/G/UTIL,5500,DAL@MIN 11/17/2025 08:00PM ET,MIN,28
,,,,,,,,,,,,,SF,Max Strus (40832361),Max Strus,40832361,SF/F/UTIL,5400,MIL@CLE 11/17/2025 07:00PM ET,CLE,0
,,,,,,,,,,,,,PG/SG,Quenton Jackson (40832364),Quenton Jackson,40832364,PG/SG/G/UTIL,5400,IND@DET 11/17/2025 07:00PM ET,IND,24.15
,,,,,,,,,,,,,C,Daniel Gafford (40832359),Daniel Gafford,40832359,C/UTIL,5400,DAL@MIN 11/17/2025 08:00PM ET,DAL,24.25
,,,,,,,,,,,,,PF/C,John Collins (40832368),John Collins,40832368,PF/C/F/UTIL,5300,LAC@PHI 11/17/2025 07:00PM ET,LAC,21.19
,,,,,,,,,,,,,PF/C,Obi Toppin (40832379),Obi Toppin,40832379,PF/C/F/UTIL,5200,IND@DET 11/17/2025 07:00PM ET,IND,26.33
,,,,,,,,,,,,,PG/SG,Jordan Clarkson (40832372),Jordan Clarkson,40832372,PG/SG/G/UTIL,5200,NYK@MIA 11/17/2025 07:30PM ET,NYK,16.23
,,,,,,,,,,,,,SF,Herbert Jones (40832376),Herbert Jones,40832376,SF/F/UTIL,5200,OKC@NOP 11/17/2025 08:00PM ET,NOP,21.44
,,,,,,,,,,,,,SG/SF,Javonte Green (40832386),Javonte Green,40832386,SG/SF/F/G/UTIL,5100,IND@DET 11/17/2025 07:00PM ET,DET,17.23
,,,,,,,,,,,,,PG,Brandon Williams (40832383),Brandon Williams,40832383,PG/G/UTIL,5100,DAL@MIN 11/17/2025 08:00PM ET,DAL,21.52
,,,,,,,,,,,,,PF/C,Naz Reid (40832391),Naz Reid,40832391,PF/C/F/UTIL,5100,DAL@MIN 11/17/2025 08:00PM ET,MIN,25.98
,,,,,,,,,,,,,PG/SG,Lonzo Ball (40832402),Lonzo Ball,40832402,PG/SG/G/UTIL,5000,MIL@CLE 11/17/2025 07:00PM ET,CLE,21.41
,,,,,,,,,,,,,SG,Duncan Robinson (40832414),Duncan Robinson,40832414,SG/G/UTIL,5000,IND@DET 11/17/2025 07:00PM ET,DET,22.25
,,,,,,,,,,,,,PF/C,Dominick Barlow (40832406),Dominick Barlow,40832406,PF/C/F/UTIL,5000,LAC@PHI 11/17/2025 07:00PM ET,PHI,22.17
,,,,,,,,,,,,,PF/C,Nikola Jovic (40832398),Nikola Jovic,40832398,PF/C/F/UTIL,5000,NYK@MIA 11/17/2025 07:30PM ET,MIA,21.46
,,,,,,,,,,,,,PG,Jeremiah Fears (40832395),Jeremiah Fears,40832395,PG/G/UTIL,5000,OKC@NOP 11/17/2025 08:00PM ET,NOP,26
,,,,,,,,,,,,,SF/PF,Saddiq Bey (40832410),Saddiq Bey,40832410,SF/PF/F/UTIL,5000,OKC@NOP 11/17/2025 08:00PM ET,NOP,23.62
,,,,,,,,,,,,,SF/PF,Ronald Holland II (40832422),Ronald Holland II,40832422,SF/PF/F/UTIL,4900,IND@DET 11/17/2025 07:00PM ET,DET,20.38
,,,,,,,,,,,,,PG,D'Angelo Russell (40832417),D'Angelo Russell,40832417,PG/G/UTIL,4900,DAL@MIN 11/17/2025 08:00PM ET,DAL,24.21
,,,,,,,,,,,,,C,Dereck Lively II (40832420),Dereck Lively II,40832420,C/UTIL,4900,DAL@MIN 11/17/2025 08:00PM ET,DAL,16.35
,,,,,,,,,,,,,PG/SG,Tre Mann (40832426),Tre Mann,40832426,PG/SG/G/UTIL,4800,CHA@TOR 11/17/2025 07:30PM ET,CHA,21.06
,,,,,,,,,,,,,SG/SF,Max Christie (40832430),Max Christie,40832430,SG/SF/F/G/UTIL,4800,DAL@MIN 11/17/2025 08:00PM ET,DAL,24.5
,,,,,,,,,,,,,PG/SG,Cason Wallace (40832435),Cason Wallace,40832435,PG/SG/G/UTIL,4800,OKC@NOP 11/17/2025 08:00PM ET,OKC,22.14
,,,,,,,,,,,,,PF,Trendon Watford (40832439),Trendon Watford,40832439,PF/F/UTIL,4700,LAC@PHI 11/17/2025 07:00PM ET,PHI,21.64
,,,,,,,,,,,,,C,Derik Queen (40832442),Derik Queen,40832442,C/UTIL,4700,OKC@NOP 11/17/2025 08:00PM ET,NOP,24.25
,,,,,,,,,,,,,C,Ryan Kalkbrenner (40832444),Ryan Kalkbrenner,40832444,C/UTIL,4600,CHA@TOR 11/17/2025 07:30PM ET,CHA,25.25
,,,,,,,,,,,,,SF,Luguentz Dort (40832446),Luguentz Dort,40832446,SF/F/UTIL,4600,OKC@NOP 11/17/2025 08:00PM ET,OKC,17.09
,,,,,,,,,,,,,SF,De'Andre Hunter (40832457),De'Andre Hunter,40832457,SF/F/UTIL,4500,MIL@CLE 11/17/2025 07:00PM ET,CLE,30.68
,,,,,,,,,,,,,PG/SG,Cole Anthony (40832462),Cole Anthony,40832462,PG/SG/G/UTIL,4500,MIL@CLE 11/17/2025 07:00PM ET,MIL,22.67
,,,,,,,,,,,,,PG,T.J. McConnell (40832466),T.J. McConnell,40832466,PG/G/UTIL,4500,IND@DET 11/17/2025 07:00PM ET,IND,14.92
,,,,,,,,,,,,,SG,Kris Dunn (40832454),Kris Dunn,40832454,SG/G/UTIL,4500,LAC@PHI 11/17/2025 07:00PM ET,LAC,17.14
,,,,,,,,,,,,,C,Mitchell Robinson (40832460),Mitchell Robinson,40832460,C/UTIL,4500,NYK@MIA 11/17/2025 07:30PM ET,NYK,19
,,,,,,,,,,,,,SG/SF,Klay Thompson (40832449),Klay Thompson,40832449,SG/SF/F/G/UTIL,4500,DAL@MIN 11/17/2025 08:00PM ET,DAL,17.81
,,,,,,,,,,,,,SG/SF,Alex Caruso (40832469),Alex Caruso,40832469,SG/SF/F/G/UTIL,4500,OKC@NOP 11/17/2025 08:00PM ET,OKC,16.62
,,,,,,,,,,,,,C,Moussa Diabate (40832474),Moussa Diabate,40832474,C/UTIL,4400,CHA@TOR 11/17/2025 07:30PM ET,CHA,26.15
,,,,,,,,,,,,,PF/C,Grant Williams (40832481),Grant Williams,40832481,PF/C/F/UTIL,4400,CHA@TOR 11/17/2025 07:30PM ET,CHA,0
,,,,,,,,,,,,,SG/SF,Gary Trent Jr. (40832476),Gary Trent Jr.,40832476,SG/SF/F/G/UTIL,4400,MIL@CLE 11/17/2025 07:00PM ET,MIL,18.36
,,,,,,,,,,,,,PF,Jeremiah Robinson-Earl (40832490),Jeremiah Robinson-Earl,40832490,PF/F/UTIL,4400,IND@DET 11/17/2025 07:00PM ET,IND,15.97
,,,,,,,,,,,,,SG/SF,Landry Shamet (40832485),Landry Shamet,40832485,SG/SF/F/G/UTIL,4400,NYK@MIA 11/17/2025 07:30PM ET,NYK,15.67
,,,,,,,,,,,,,SG,Isaiah Joe (40832493),Isaiah Joe,40832493,SG/G/UTIL,4400,OKC@NOP 11/17/2025 08:00PM ET,OKC,23.83
,,,,,,,,,,,,,C,Isaiah Jackson (40832507),Isaiah Jackson,40832507,C/UTIL,4300,IND@DET 11/17/2025 07:00PM ET,IND,18.56
,,,,,,,,,,,,,SF/PF,Derrick Jones Jr. (40832500),Derrick Jones Jr.,40832500,SF/PF/F/UTIL,4300,LAC@PHI 11/17/2025 07:00PM ET,LAC,19.29
,,,,,,,,,,,,,SF,Justin Edwards (40832504),Justin Edwards,40832504,SF/F/UTIL,4300,LAC@PHI 11/17/2025 07:00PM ET,PHI,11.28
,,,,,,,,,,,,,PG/SG,Miles McBride (40832496),Miles McBride,40832496,PG/SG/G/UTIL,4300,NYK@MIA 11/17/2025 07:30PM ET,NYK,18.22
,,,,,,,,,,,,,PF/C,Collin Murray-Boyles (40832522),Collin Murray-Boyles,40832522,PF/C/F/UTIL,4200,CHA@TOR 11/17/2025 07:30PM ET,TOR,17.82
,,,,,,,,,,,,,SG,AJ Green (40832514),AJ Green,40832514,SG/G/UTIL,4200,MIL@CLE 11/17/2025 07:00PM ET,MIL,18.36
,,,,,,,,,,,,,SG/SF,Ben Sheppard (40832517),Ben Sheppard,40832517,SG/SF/F/G/UTIL,4200,IND@DET 11/17/2025 07:00PM ET,IND,16.02
,,,,,,,,,,,,,SF,Pelle Larsson (40832509),Pelle Larsson,40832509,SF/F/UTIL,4200,NYK@MIA 11/17/2025 07:30PM ET,MIA,18.17
,,,,,,,,,,,,,C,Yves Missi (40832512),Yves Missi,40832512,C/UTIL,4200,OKC@NOP 11/17/2025 08:00PM ET,NOP,16.09
,,,,,,,,,,,,,SG,Sion James (40832526),Sion James,40832526,SG/G/UTIL,4100,CHA@TOR 11/17/2025 07:30PM ET,CHA,16.56
,,,,,,,,,,,,,PG/SG,Bogdan Bogdanovic (40832529),Bogdan Bogdanovic,40832529,PG/SG/G/UTIL,4100,LAC@PHI 11/17/2025 07:00PM ET,LAC,20.61
,,,,,,,,,,,,,PG,Mike Conley (40832535),Mike Conley,40832535,PG/G/UTIL,4100,DAL@MIN 11/17/2025 08:00PM ET,MIN,15.92
,,,,,,,,,,,,,C,Jaylin Williams (40832533),Jaylin Williams,40832533,C/UTIL,4100,OKC@NOP 11/17/2025 08:00PM ET,OKC,17.65
,,,,,,,,,,,,,SG,Sam Merrill (40832543),Sam Merrill,40832543,SG/G/UTIL,4000,MIL@CLE 11/17/2025 07:00PM ET,CLE,22.09
,,,,,,,,,,,,,C,Adem Bona (40832541),Adem Bona,40832541,C/UTIL,4000,LAC@PHI 11/17/2025 07:00PM ET,PHI,10.69
,,,,,,,,,,,,,PG,Jose Alvarado (40832538),Jose Alvarado,40832538,PG/G/UTIL,4000,OKC@NOP 11/17/2025 08:00PM ET,NOP,16.77
,,,,,,,,,,,,,PG,Jamal Shead (40832546),Jamal Shead,40832546,PG/G/UTIL,3900,CHA@TOR 11/17/2025 07:30PM ET,TOR,17.69
,,,,,,,,,,,,,C,Sandro Mamukelashvili (40832549),Sandro Mamukelashvili,40832549,C/UTIL,3800,CHA@TOR 11/17/2025 07:30PM ET,TOR,18.85
,,,,,,,,,,,,,PG/SG,Jared McCain (40832551),Jared McCain,40832551,PG/SG/G/UTIL,3700,LAC@PHI 11/17/2025 07:00PM ET,PHI,3.33
,,,,,,,,,,,,,SG,Jordan Miller (40832555),Jordan Miller,40832555,SG/G/UTIL,3700,LAC@PHI 11/17/2025 07:00PM ET,LAC,15.17
,,,,,,,,,,,,,SG/SF,Gradey Dick (40832558),Gradey Dick,40832558,SG/SF/F/G/UTIL,3600,CHA@TOR 11/17/2025 07:30PM ET,TOR,12.69
,,,,,,,,,,,,,SG/SF,Chaz Lanier (40832567),Chaz Lanier,40832567,SG/SF/F/G/UTIL,3600,IND@DET 11/17/2025 07:00PM ET,DET,7.17
,,,,,,,,,,,,,PG/SG,Dru Smith (40832563),Dru Smith,40832563,PG/SG/G/UTIL,3600,NYK@MIA 11/17/2025 07:30PM ET,MIA,16.56
,,,,,,,,,,,,,C,Moussa Cisse (40832572),Moussa Cisse,40832572,C/UTIL,3600,DAL@MIN 11/17/2025 08:00PM ET,DAL,11.8
,,,,,,,,,,,,,PF/C,Jonathan Mogbo (40832574),Jonathan Mogbo,40832574,PF/C/F/UTIL,3500,CHA@TOR 11/17/2025 07:30PM ET,TOR,4.11
,,,,,,,,,,,,,C,Jericho Sims (40832594),Jericho Sims,40832594,C/UTIL,3500,MIL@CLE 11/17/2025 07:00PM ET,MIL,4.17
,,,,,,,,,,,,,SG/SF,Wendell Moore Jr. (40832578),Wendell Moore Jr.,40832578,SG/SF/F/G/UTIL,3500,IND@DET 11/17/2025 07:00PM ET,DET,8.5
,,,,,,,,,,,,,PG,Marcus Sasser (40832591),Marcus Sasser,40832591,PG/G/UTIL,3500,IND@DET 11/17/2025 07:00PM ET,DET,0
,,,,,,,,,,,,,SF/PF,Nicolas Batum (40832583),Nicolas Batum,40832583,SF/PF/F/UTIL,3500,LAC@PHI 11/17/2025 07:00PM ET,LAC,11.40
,,,,,,,,,,,,,PF/C,Guerschon Yabusele (40832587),Guerschon Yabusele,40832587,PF/C/F/UTIL,3500,NYK@MIA 11/17/2025 07:30PM ET,NYK,7.11
,,,,,,,,,,,,,SF,Josh Green (40832596),Josh Green,40832596,SF/F/UTIL,3400,CHA@TOR 11/17/2025 07:30PM ET,CHA,0
,,,,,,,,,,,,,SF/PF,Dean Wade (40832599),Dean Wade,40832599,SF/PF/F/UTIL,3400,MIL@CLE 11/17/2025 07:00PM ET,CLE,14.62
,,,,,,,,,,,,,PF/C,Jay Huff (40832603),Jay Huff,40832603,PF/C/F/UTIL,3400,IND@DET 11/17/2025 07:00PM ET,IND,14.58
,,,,,,,,,,,,,SG/SF,Terrence Shannon Jr. (40832607),Terrence Shannon Jr.,40832607,SG/SF/F/G/UTIL,3400,DAL@MIN 11/17/2025 08:00PM ET,MIN,9.61
,,,,,,,,,,,,,C,Kevon Looney (40832612),Kevon Looney,40832612,C/UTIL,3400,OKC@NOP 11/17/2025 08:00PM ET,NOP,11.46
,,,,,,,,,,,,,PG/SG,Ja'Kobe Walter (40832614),Ja'Kobe Walter,40832614,PG/SG/G/UTIL,3300,CHA@TOR 11/17/2025 07:30PM ET,TOR,7.22
,,,,,,,,,,,,,PG,Craig Porter Jr. (40832625),Craig Porter Jr.,40832625,PG/G/UTIL,3300,MIL@CLE 11/17/2025 07:00PM ET,CLE,16.23
,,,,,,,,,,,,,SG/SF,Taelon Peter (40832628),Taelon Peter,40832628,SG/SF/F/G/UTIL,3300,IND@DET 11/17/2025 07:00PM ET,IND,6.89
,,,,,,,,,,,,,C,Tony Bradley (40832636),Tony Bradley,40832636,C/UTIL,3300,IND@DET 11/17/2025 07:00PM ET,IND,11.67
,,,,,,,,,,,,,SF,Kobe Sanders (40832618),Kobe Sanders,40832618,SF/F/UTIL,3300,LAC@PHI 11/17/2025 07:00PM ET,LAC,10.55
,,,,,,,,,,,,,SF/PF,Simone Fontecchio (40832621),Simone Fontecchio,40832621,SF/PF/F/UTIL,3300,NYK@MIA 11/17/2025 07:30PM ET,MIA,18.17
,,,,,,,,,,,,,PF,Ousmane Dieng (40832633),Ousmane Dieng,40832633,PF/F/UTIL,3300,OKC@NOP 11/17/2025 08:00PM ET,OKC,6.80
,,,,,,,,,,,,,SG/SF,Jaylon Tyson (40832649),Jaylon Tyson,40832649,SG/SF/F/G/UTIL,3200,MIL@CLE 11/17/2025 07:00PM ET,CLE,23.59
,,,,,,,,,,,,,SG/SF,Gary Harris (40832654),Gary Harris,40832654,SG/SF/F/G/UTIL,3200,MIL@CLE 11/17/2025 07:00PM ET,MIL,6.29
,,,,,,,,,,,,,SF/PF,Jabari Walker (40832645),Jabari Walker,40832645,SF/PF/F/UTIL,3200,LAC@PHI 11/17/2025 07:00PM ET,PHI,8.35
,,,,,,,,,,,,,PF,Caleb Martin (40832642),Caleb Martin,40832642,PF/F/UTIL,3200,DAL@MIN 11/17/2025 08:00PM ET,DAL,5.60
,,,,,,,,,,,,,PG,Rob Dillingham (40832661),Rob Dillingham,40832661,PG/G/UTIL,3200,DAL@MIN 11/17/2025 08:00PM ET,MIN,10.04
,,,,,,,,,,,,,PF/C,Karlo Matkovic (40832638),Karlo Matkovic,40832638,PF/C/F/UTIL,3200,OKC@NOP 11/17/2025 08:00PM ET,NOP,9.80
,,,,,,,,,,,,,C,Branden Carlson (40832659),Branden Carlson,40832659,C/UTIL,3200,OKC@NOP 11/17/2025 08:00PM ET,OKC,6.97
,,,,,,,,,,,,,SF/PF,Jamison Battle (40832674),Jamison Battle,40832674,SF/PF/F/UTIL,3100,CHA@TOR 11/17/2025 07:30PM ET,TOR,6.72
,,,,,,,,,,,,,SF/PF,Pat Connaughton (40832680),Pat Connaughton,40832680,SF/PF/F/UTIL,3100,CHA@TOR 11/17/2025 07:30PM ET,CHA,8.44
,,,,,,,,,,,,,SF/PF,Nae'Qwan Tomlin (40832684),Nae'Qwan Tomlin,40832684,SF/PF/F/UTIL,3100,MIL@CLE 11/17/2025 07:00PM ET,CLE,16.3
,,,,,,,,,,,,,PG,Monte Morris (40832688),Monte Morris,40832688,PG/G/UTIL,3100,IND@DET 11/17/2025 07:00PM ET,IND,8.55
,,,,,,,,,,,,,C,Brook Lopez (40832678),Brook Lopez,40832678,C/UTIL,3100,LAC@PHI 11/17/2025 07:00PM ET,LAC,13.19
,,,,,,,,,,,,,SG/SF,Jaylen Clark (40832664),Jaylen Clark,40832664,SG/SF/F/G/UTIL,3100,DAL@MIN 11/17/2025 08:00PM ET,MIN,10.75
,,,,,,,,,,,,,SG/SF,Jordan Hawkins (40832669),Jordan Hawkins,40832669,SG/SF/F/G/UTIL,3100,OKC@NOP 11/17/2025 08:00PM ET,NOP,7.94
,,,,,,,,,,,,,SG/SF,Ochai Agbaji (40832699),Ochai Agbaji,40832699,SG/SF/F/G/UTIL,3000,CHA@TOR 11/17/2025 07:30PM ET,TOR,7.53
,,,,,,,,,,,,,PG,AJ Lawson (40832704),AJ Lawson,40832704,PG/G/UTIL,3000,CHA@TOR 11/17/2025 07:30PM ET,TOR,0
,,,,,,,,,,,,,PG,KJ Simpson (40832718),KJ Simpson,40832718,PG/G/UTIL,3000,CHA@TOR 11/17/2025 07:30PM ET,CHA,14
,,,,,,,,,,,,,PF,Liam McNeeley (40832745),Liam McNeeley,40832745,PF/F/UTIL,3000,CHA@TOR 11/17/2025 07:30PM ET,CHA,9.03
,,,,,,,,,,,,,SF,Antonio Reeves (40832748),Antonio Reeves,40832748,SF/F/UTIL,3000,CHA@TOR 11/17/2025 07:30PM ET,CHA,6.5
,,,,,,,,,,,,,SF/PF,Tidjane Salaun (40832751),Tidjane Salaun,40832751,SF/PF/F/UTIL,3000,CHA@TOR 11/17/2025 07:30PM ET,CHA,9.61
,,,,,,,,,,,,,C,Mason Plumlee (40832758),Mason Plumlee,40832758,C/UTIL,3000,CHA@TOR 11/17/2025 07:30PM ET,CHA,2.38
,,,,,,,,,,,,,PG,Chucky Hepburn (40832802),Chucky Hepburn,40832802,PG/G/UTIL,3000,CHA@TOR 11/17/2025 07:30PM ET,TOR,0
,,,,,,,,,,,,,SG,Alijah Martin (40832805),Alijah Martin,40832805,SG/G/UTIL,3000,CHA@TOR 11/17/2025 07:30PM ET,TOR,0
,,,,,,,,,,,,,SG/SF,Garrett Temple (40832808),Garrett Temple,40832808,SG/SF/F/G/UTIL,3000,CHA@TOR 11/17/2025 07:30PM ET,TOR,1
,,,,,,,,,,,,,SF/PF,Drew Peterson (40832899),Drew Peterson,40832899,SF/PF/F/UTIL,3000,CHA@TOR 11/17/2025 07:30PM ET,CHA,0
,,,,,,,,,,,,,SF,Taurean Prince (40832721),Taurean Prince,40832721,SF/F/UTIL,3000,MIL@CLE 11/17/2025 07:00PM ET,MIL,12.09
,,,,,,,,,,,,,SF/PF,Amir Coffey (40832735),Amir Coffey,40832735,SF/PF/F/UTIL,3000,MIL@CLE 11/17/2025 07:00PM ET,MIL,3.96
,,,,,,,,,,,,,C,Larry Nance Jr. (40832769),Larry Nance Jr.,40832769,C/UTIL,3000,MIL@CLE 11/17/2025 07:00PM ET,CLE,10.88
,,,,,,,,,,,,,SF,Luke Travers (40832786),Luke Travers,40832786,SF/F/UTIL,3000,MIL@CLE 11/17/2025 07:00PM ET,CLE,7.21
,,,,,,,,,,,,,C,Thomas Bryant (40832789),Thomas Bryant,40832789,C/UTIL,3000,MIL@CLE 11/17/2025 07:00PM ET,CLE,6.47
,,,,,,,,,,,,,SF/PF,Chris Livingston (40832791),Chris Livingston,40832791,SF/PF/F/UTIL,3000,MIL@CLE 11/17/2025 07:00PM ET,CLE,0
,,,,,,,,,,,,,SF/PF,Alex Antetokounmpo (40832873),Alex Antetokounmpo,40832873,SF/PF/F/UTIL,3000,MIL@CLE 11/17/2025 07:00PM ET,MIL,0
,,,,,,,,,,,,,PG,Mark Sears (40832877),Mark Sears,40832877,PG/G/UTIL,3000,MIL@CLE 11/17/2025 07:00PM ET,MIL,4.25
,,,,,,,,,,,,,PF/C,Thanasis Antetokounmpo (40832880),Thanasis Antetokounmpo,40832880,PF/C/F/UTIL,3000,MIL@CLE 11/17/2025 07:00PM ET,MIL,2.31
,,,,,,,,,,,,,SG/SF,Andre Jackson Jr. (40832884),Andre Jackson Jr.,40832884,SG/SF/F/G/UTIL,3000,MIL@CLE 11/17/2025 07:00PM ET,MIL,2.75
,,,,,,,,,,,,,PF/C,Pete Nance (40832889),Pete Nance,40832889,PF/C/F/UTIL,3000,MIL@CLE 11/17/2025 07:00PM ET,MIL,12.25
,,,,,,,,,,,,,PG/SG,Tyrese Proctor (40832938),Tyrese Proctor,40832938,PG/SG/G/UTIL,3000,MIL@CLE 11/17/2025 07:00PM ET,CLE,8.92
,,,,,,,,,,,,,C,Tolu Smith (40832716),Tolu Smith,40832716,C/UTIL,3000,IND@DET 11/17/2025 07:00PM ET,DET,18.62
,,,,,,,,,,,,,SF/PF,Bobi Klintman (40832724),Bobi Klintman,40832724,SF/PF/F/UTIL,3000,IND@DET 11/17/2025 07:00PM ET,DET,7.67
,,,,,,,,,,,,,PG,RayJ Dennis (40832728),RayJ Dennis,40832728,PG/G/UTIL,3000,IND@DET 11/17/2025 07:00PM ET,IND,12.57
,,,,,,,,,,,,,PG,Tyrese Haliburton (40832739),Tyrese Haliburton,40832739,PG/G/UTIL,3000,IND@DET 11/17/2025 07:00PM ET,IND,0
,,,,,,,,,,,,,PF/C,Isaac Jones (40832795),Isaac Jones,40832795,PF/C/F/UTIL,3000,IND@DET 11/17/2025 07:00PM ET,DET,2.33
,,,,,,,,,,,,,PG,Jaden Ivey (40832799),Jaden Ivey,40832799,PG/G/UTIL,3000,IND@DET 11/17/2025 07:00PM ET,DET,0
,,,,,,,,,,,,,SF,Johnny Furphy (40832893),Johnny Furphy,40832893,SF/F/UTIL,3000,IND@DET 11/17/2025 07:00PM ET,IND,6.33
,,,,,,,,,,,,,SG,Kam Jones (40832896),Kam Jones,40832896,SG/G/UTIL,3000,IND@DET 11/17/2025 07:00PM ET,IND,0
,,,,,,,,,,,,,SG,Cam Christie (40832742),Cam Christie,40832742,SG/G/UTIL,3000,LAC@PHI 11/17/2025 07:00PM ET,LAC,10.47
,,,,,,,,,,,,,PG,Bradley Beal (40832763),Bradley Beal,40832763,PG/G/UTIL,3000,LAC@PHI 11/17/2025 07:00PM ET,LAC,12.54
,,,,,,,,,,,,,PG,Chris Paul (40832766),Chris Paul,40832766,PG/G/UTIL,3000,LAC@PHI 11/17/2025 07:00PM ET,LAC,12
,,,,,,,,,,,,,PG/SG,Kyle Lowry (40832771),Kyle Lowry,40832771,PG/SG/G/UTIL,3000,LAC@PHI 11/17/2025 07:00PM ET,PHI,7
,,,,,,,,,,,,,SG,Hunter Sallis (40832775),Hunter Sallis,40832775,SG/G/UTIL,3000,LAC@PHI 11/17/2025 07:00PM ET,PHI,1.25
,,,,,,,,,,,,,SG/SF,Eric Gordon (40832778),Eric Gordon,40832778,SG/SF/F/G/UTIL,3000,LAC@PHI 11/17/2025 07:00PM ET,PHI,3.83
,,,,,,,,,,,,,PF,Johni Broome (40832783),Johni Broome,40832783,PF/F/UTIL,3000,LAC@PHI 11/17/2025 07:00PM ET,PHI,4
,,,,,,,,,,,,,C,Yanic Konan Niederhauser (40832864),Yanic Konan Niederhauser,40832864,C/UTIL,3000,LAC@PHI 11/17/2025 07:00PM ET,LAC,6.2
,,,,,,,,,,,,,SF/PF,Kobe Brown (40832866),Kobe Brown,40832866,SF/PF/F/UTIL,3000,LAC@PHI 11/17/2025 07:00PM ET,LAC,6.18
,,,,,,,,,,,,,PF,Jahmyl Telfort (40832870),Jahmyl Telfort,40832870,PF/F/UTIL,3000,LAC@PHI 11/17/2025 07:00PM ET,LAC,1.5
,,,,,,,,,,,,,PF,Tosan Evbuomwan (40832755),Tosan Evbuomwan,40832755,PF/F/UTIL,3000,NYK@MIA 11/17/2025 07:30PM ET,NYK,0
,,,,,,,,,,,,,PG,Jahmir Young (40832760),Jahmir Young,40832760,PG/G/UTIL,3000,NYK@MIA 11/17/2025 07:30PM ET,MIA,2.88
,,,,,,,,,,,,,SG/SF,Myron Gardner (40832813),Myron Gardner,40832813,SG/SF/F/G/UTIL,3000,NYK@MIA 11/17/2025 07:30PM ET,MIA,6.25
,,,,,,,,,,,,,C,Vladislav Goldin (40832818),Vladislav Goldin,40832818,C/UTIL,3000,NYK@MIA 11/17/2025 07:30PM ET,MIA,0
,,,,,,,,,,,,,SF/PF,Keshad Johnson (40832820),Keshad Johnson,40832820,SF/PF/F/UTIL,3000,NYK@MIA 11/17/2025 07:30PM ET,MIA,4.62
,,,,,,,,,,,,,PG/SG,Kasparas Jakucionis (40832824),Kasparas Jakucionis,40832824,PG/SG/G/UTIL,3000,NYK@MIA 11/17/2025 07:30PM ET,MIA,0
,,,,,,,,,,,,,SF,Kevin McCullar Jr. (40832903),Kevin McCullar Jr.,40832903,SF/F/UTIL,3000,NYK@MIA 11/17/2025 07:30PM ET,NYK,0
,,,,,,,,,,,,,C,Trey Jemison (40832906),Trey Jemison,40832906,C/UTIL,3000,NYK@MIA 11/17/2025 07:30PM ET,NYK,2.5
,,,,,,,,,,,,,PF,Mohamed Diawara (40832908),Mohamed Diawara,40832908,PF/F/UTIL,3000,NYK@MIA 11/17/2025 07:30PM ET,NYK,1.62
,,,,,,,,,,,,,PG,Tyler Kolek (40832911),Tyler Kolek,40832911,PG/G/UTIL,3000,NYK@MIA 11/17/2025 07:30PM ET,NYK,4.92
,,,,,,,,,,,,,SF,Pacome Dadiet (40832914),Pacome Dadiet,40832914,SF/F/UTIL,3000,NYK@MIA 11/17/2025 07:30PM ET,NYK,2.15
,,,,,,,,,,,,,C,Ariel Hukporti (40832917),Ariel Hukporti,40832917,C/UTIL,3000,NYK@MIA 11/17/2025 07:30PM ET,NYK,5.03
,,,,,,,,,,,,,SG/SF,Johnny Juzang (40832691),Johnny Juzang,40832691,SG/SF/F/G/UTIL,3000,DAL@MIN 11/17/2025 08:00PM ET,MIN,1.88
,,,,,,,,,,,,,PG,Dante Exum (40832707),Dante Exum,40832707,PG/G/UTIL,3000,DAL@MIN 11/17/2025 08:00PM ET,DAL,0
,,,,,,,,,,,,,C,Dwight Powell (40832714),Dwight Powell,40832714,C/UTIL,3000,DAL@MIN 11/17/2025 08:00PM ET,DAL,6.66
,,,,,,,,,,,,,PG/SG,Jaden Hardy (40832731),Jaden Hardy,40832731,PG/SG/G/UTIL,3000,DAL@MIN 11/17/2025 08:00PM ET,DAL,7.93
,,,,,,,,,,,,,PF,Leonard Miller (40832845),Leonard Miller,40832845,PF/F/UTIL,3000,DAL@MIN 11/17/2025 08:00PM ET,MIN,3.86
,,,,,,,,,,,,,C,Joan Beringer (40832848),Joan Beringer,40832848,C/UTIL,3000,DAL@MIN 11/17/2025 08:00PM ET,MIN,3.12
,,,,,,,,,,,,,PG/SG,Bones Hyland (40832850),Bones Hyland,40832850,PG/SG/G/UTIL,3000,DAL@MIN 11/17/2025 08:00PM ET,MIN,8.36
,,,,,,,,,,,,,C,Rocco Zikarsky (40832854),Rocco Zikarsky,40832854,C/UTIL,3000,DAL@MIN 11/17/2025 08:00PM ET,MIN,0
,,,,,,,,,,,,,PF/C,Enrique Freeman (40832856),Enrique Freeman,40832856,PF/C/F/UTIL,3000,DAL@MIN 11/17/2025 08:00PM ET,MIN,0
,,,,,,,,,,,,,SF/PF,Joe Ingles (40832860),Joe Ingles,40832860,SF/PF/F/UTIL,3000,DAL@MIN 11/17/2025 08:00PM ET,MIN,1.88
,,,,,,,,,,,,,SG,Miles Kelly (40832929),Miles Kelly,40832929,SG/G/UTIL,3000,DAL@MIN 11/17/2025 08:00PM ET,DAL,-0.5
,,,,,,,,,,,,,PG,Ryan Nembhard (40832932),Ryan Nembhard,40832932,PG/G/UTIL,3000,DAL@MIN 11/17/2025 08:00PM ET,DAL,5.55
,,,,,,,,,,,,,PG,Kyrie Irving (40832935),Kyrie Irving,40832935,PG/G/UTIL,3000,DAL@MIN 11/17/2025 08:00PM ET,DAL,0
,,,,,,,,,,,,,PF,Brooks Barnhizer (40832696),Brooks Barnhizer,40832696,PF/F/UTIL,3000,OKC@NOP 11/17/2025 08:00PM ET,OKC,4.77
,,,,,,,,,,,,,SF/PF,Micah Peavy (40832710),Micah Peavy,40832710,SF/PF/F/UTIL,3000,OKC@NOP 11/17/2025 08:00PM ET,NOP,5.58
,,,,,,,,,,,,,PG/SG,Dejounte Murray (40832828),Dejounte Murray,40832828,PG/SG/G/UTIL,3000,OKC@NOP 11/17/2025 08:00PM ET,NOP,0
,,,,,,,,,,,,,C,DeAndre Jordan (40832832),DeAndre Jordan,40832832,C/UTIL,3000,OKC@NOP 11/17/2025 08:00PM ET,NOP,10.5
,,,,,,,,,,,,,C,Hunter Dickinson (40832834),Hunter Dickinson,40832834,C/UTIL,3000,OKC@NOP 11/17/2025 08:00PM ET,NOP,3
,,,,,,,,,,,,,SG/SF,Bryce McGowens (40832836),Bryce McGowens,40832836,SG/SF/F/G/UTIL,3000,OKC@NOP 11/17/2025 08:00PM ET,NOP,4.65
,,,,,,,,,,,,,PG/SG,Trey Alexander (40832841),Trey Alexander,40832841,PG/SG/G/UTIL,3000,OKC@NOP 11/17/2025 08:00PM ET,NOP,0
,,,,,,,,,,,,,PG,Nikola Topic (40832919),Nikola Topic,40832919,PG/G/UTIL,3000,OKC@NOP 11/17/2025 08:00PM ET,OKC,0
,,,,,,,,,,,,,C,Thomas Sorber (40832922),Thomas Sorber,40832922,C/UTIL,3000,OKC@NOP 11/17/2025 08:00PM ET,OKC,0
,,,,,,,,,,,,,C,Kenrich Williams (40832924),Kenrich Williams,40832924,C/UTIL,3000,OKC@NOP 11/17/2025 08:00PM ET,OKC,0
,,,,,,,,,,,,,SG,Chris Youngblood (40832926),Chris Youngblood,40832926,SG/G/UTIL,3000,OKC@NOP 11/17/2025 08:00PM ET,OKC,2.42
