entry_id,contest_id,contest_name,entry_fee,PG,PG,SG,SG,SF,SF,PF,PF,C,"","Instructions"
"3612560732","123147-277721651","$5K Mon NBA Piggy Bank Shot (150 Entries Max)","0.05","","","","","","","","","","","1) Edit your lineup by inserting any player from this list into their appropriate position columns"
"3612560733","123147-277721651","$5K Mon NBA Piggy Bank Shot (150 Entries Max)","0.05","","","","","","","","","","","2) You can paste either the Player ID + Name OR ID from their respective columns"
"3612560734","123147-277721651","$5K Mon NBA Piggy Bank Shot (150 Entries Max)","0.05","","","","","","","","","","","3) Any information to the right of the last position column will be ignored in the upload. Don't leave blank rows. Any entries after a blank row will not be edited"
"3612560735","123147-277721651","$5K Mon NBA Piggy Bank Shot (150 Entries Max)","0.05","","","","","","","","","","","4) You can not use this form to create new entries"
"3612560736","123147-277721651","$5K Mon NBA Piggy Bank Shot (150 Entries Max)","0.05","","","","","","","","","",""
"3612560737","123147-277721651","$5K Mon NBA Piggy Bank Shot (150 Entries Max)","0.05","","","","","","","","","","",Player ID + Player Name,Id,Position,First Name,Nickname,Last Name,FPPG,Played,Salary,Game,Team,Opponent,Injury Indicator,Injury Details,Tier,,,Roster Position
"3612560738","123147-277721651","$5K Mon NBA Piggy Bank Shot (150 Entries Max)","0.05","","","","","","","","","","",123147-55062:Nikola Jokic,123147-55062,C,Nikola,Nikola Jokic,Jokic,65.14166768391927,12,12800,CHI@DEN,DEN,CHI,P,Wrist,,,,C
"3612560739","123147-277721651","$5K Mon NBA Piggy Bank Shot (150 Entries Max)","0.05","","","","","","","","","","",123147-40199:Giannis Antetokounmpo,123147-40199,PF,Giannis,Giannis Antetokounmpo,Antetokounmpo,59.80833435058594,12,12300,MIL@CLE,MIL,CLE,P,Knee,,,,PF
"3612560741","123147-277721651","$5K Mon NBA Piggy Bank Shot (150 Entries Max)","0.05","","","","","","","","","","",123147-84680:Shai Gilgeous-Alexander,123147-84680,PG,Shai,Shai Gilgeous-Alexander,Gilgeous-Alexander,53.83571515764509,14,11400,OKC@NO,OKC,NO,,,,,,PG
"3612560742","123147-277721651","$5K Mon NBA Piggy Bank Shot (150 Entries Max)","0.05","","","","","","","","","","",123147-157808:Cade Cunningham,123147-157808,PG,Cade,Cade Cunningham,Cunningham,51.66363525390625,11,10800,IND@DET,DET,IND,Q,Hip,,,,PG
"3612560743","123147-277721651","$5K Mon NBA Piggy Bank Shot (150 Entries Max)","0.05","","","","","","","","","","",123147-145331:Tyrese Maxey,123147-145331,PG,Tyrese,Tyrese Maxey,Maxey,54.1000010172526,12,10100,LAC@PHI,PHI,LAC,,,,,,PG
"3612560744","123147-277721651","$5K Mon NBA Piggy Bank Shot (150 Entries Max)","0.05","","","","","","","","","","",123147-15755:Anthony Davis,123147-15755,C/PF,Anthony,Anthony Davis,Davis,42.539999389648436,5,9800,DAL@MIN,DAL,MIN,O,Calf,,,,PF/C
"3612560745","123147-277721651","$5K Mon NBA Piggy Bank Shot (150 Entries Max)","0.05","","","","","","","","","","",123147-157905:Josh Giddey,123147-157905,PG/SG,Josh,Josh Giddey,Giddey,49.429998779296874,10,9600,CHI@DEN,CHI,DEN,,,,,,PG/SG
"3612560746","123147-277721651","$5K Mon NBA Piggy Bank Shot (150 Entries Max)","0.05","","","","","","","","","","",123147-58462:Karl-Anthony Towns,123147-58462,C/PF,Karl-Anthony,Karl-Anthony Towns,Towns,45,12,9500,NY@MIA,NY,MIA,,,,,,PF/C
"3612560747","123147-277721651","$5K Mon NBA Piggy Bank Shot (150 Entries Max)","0.05","","","","","","","","","","",123147-9644:James Harden,123147-9644,PG/SG,James,James Harden,Harden,47.26666768391927,12,9500,LAC@PHI,LAC,PHI,,,,,,PG/SG
"3612560748","123147-277721651","$5K Mon NBA Piggy Bank Shot (150 Entries Max)","0.05","","","","","","","","","","",123147-145321:Anthony Edwards,123147-145321,SG/SF,Anthony,Anthony Edwards,Edwards,41.18889024522569,9,9400,DAL@MIN,MIN,DAL,,,,,,SG/SF
"3612560749","123147-277721651","$5K Mon NBA Piggy Bank Shot (150 Entries Max)","0.05","","","","","","","","","","",123147-66113:Donovan Mitchell,123147-66113,SG/PG,Donovan,Donovan Mitchell,Mitchell,46.708333333333336,12,9300,MIL@CLE,CLE,MIL,,,,,,PG/SG
"3612560750","123147-277721651","$5K Mon NBA Piggy Bank Shot (150 Entries Max)","0.05","","","","","","","","","","",123147-145485:LaMelo Ball,123147-145485,PG,LaMelo,LaMelo Ball,Ball,46.92857142857143,7,9200,CHA@TOR,CHA,TOR,,,,,,PG
"3612560751","123147-277721651","$5K Mon NBA Piggy Bank Shot (150 Entries Max)","0.05","","","","","","","","","","",123147-42669:Julius Randle,123147-42669,PF,Julius,Julius Randle,Randle,45.66923170823317,13,9100,DAL@MIN,MIN,DAL,,,,,,PF
"3612560753","123147-277721651","$5K Mon NBA Piggy Bank Shot (150 Entries Max)","0.05","","","","","","","","","","",123147-60021:Pascal Siakam,123147-60021,PF/C,Pascal,Pascal Siakam,Siakam,42.791666666666664,12,9000,IND@DET,IND,DET,,,,,,PF/C
"3612560754","123147-277721651","$5K Mon NBA Piggy Bank Shot (150 Entries Max)","0.05","","","","","","","","","","",123147-157845:Evan Mobley,123147-157845,PF/C,Evan,Evan Mobley,Mobley,42.56923264723558,13,8900,MIL@CLE,CLE,MIL,,,,,,PF/C
"3612560755","123147-277721651","$5K Mon NBA Piggy Bank Shot (150 Entries Max)","0.05","","","","","","","","","","",123147-157822:Scottie Barnes,123147-157822,PF/SF,Scottie,Scottie Barnes,Barnes,44.72307880108173,13,8800,CHA@TOR,TOR,CHA,,,,,,SF/PF
"3612560756","123147-277721651","$5K Mon NBA Piggy Bank Shot (150 Entries Max)","0.05","","","","","","","","","","",123147-14513:Kawhi Leonard,123147-14513,SF/PF,Kawhi,Kawhi Leonard,Leonard,44.04999796549479,6,8500,LAC@PHI,LAC,PHI,O,Ankle,,,,SF/PF
"3612560757","123147-277721651","$5K Mon NBA Piggy Bank Shot (150 Entries Max)","0.05","","","","","","","","","","",123147-84690:Jalen Brunson,123147-84690,PG,Jalen,Jalen Brunson,Brunson,41.79999889026988,11,8400,NY@MIA,NY,MIA,O,Ankle,,,,PG
"3612560758","123147-277721651","$5K Mon NBA Piggy Bank Shot (150 Entries Max)","0.05","","","","","","","","","","",123147-84678:Miles Bridges,123147-84678,PF/SF,Miles,Miles Bridges,Bridges,37.69230769230769,13,8300,CHA@TOR,CHA,TOR,,,,,,SF/PF
"3612560759","123147-277721651","$5K Mon NBA Piggy Bank Shot (150 Entries Max)","0.05","","","","","","","","","","",123147-171779:Jalen Duren,123147-171779,C,Jalen,Jalen Duren,Duren,40.581817626953125,11,8200,IND@DET,DET,IND,P,Ankle,,,,C
"3612560760","123147-277721651","$5K Mon NBA Piggy Bank Shot (150 Entries Max)","0.05","","","","","","","","","","",123147-110310:Zion Williamson,123147-110310,PF,Zion,Zion Williamson,Williamson,41.060000610351565,5,8100,OKC@NO,NO,OKC,Q,Hamstring,,,,PF
"3612560762","123147-277721651","$5K Mon NBA Piggy Bank Shot (150 Entries Max)","0.05","","","","","","","","","","",123147-80817:Bam Adebayo,123147-80817,C/PF,Bam,Bam Adebayo,Adebayo,35.6875,8,8100,NY@MIA,MIA,NY,O,Toe,,,,PF/C
"3612560763","123147-277721651","$5K Mon NBA Piggy Bank Shot (150 Entries Max)","0.05","","","","","","","","","","",123147-49111:Joel Embiid,123147-49111,C,Joel,Joel Embiid,Embiid,35.6000010172526,6,8000,LAC@PHI,PHI,LAC,O,Knee,,,,C
"3612560764","123147-277721651","$5K Mon NBA Piggy Bank Shot (150 Entries Max)","0.05","","","","","","","","","","",123147-66108:Jamal Murray,123147-66108,PG/SG,Jamal,Jamal Murray,Murray,40.15454656427557,11,7900,CHI@DEN,DEN,CHI,,,,,,PG/SG
"3612560765","123147-277721651","$5K Mon NBA Piggy Bank Shot (150 Entries Max)","0.05","","","","","","","","","","",123147-157847:Trey Murphy,123147-157847,SF/SG,Trey,Trey Murphy,Murphy,35.65384615384615,13,7700,OKC@NO,NO,OKC,,,,,,SG/SF
"3612560766","123147-277721651","$5K Mon NBA Piggy Bank Shot (150 Entries Max)","0.05","","","","","","","","","","",123147-66048:Brandon Ingram,123147-66048,SF/PF,Brandon,Brandon Ingram,Ingram,35.50769277719351,13,7500,CHA@TOR,TOR,CHA,,,,,,SF/PF
"3612560767","123147-277721651","$5K Mon NBA Piggy Bank Shot (150 Entries Max)","0.05","","","","","","","","","","",123147-84670:Mikal Bridges,123147-84670,SG/SF,Mikal,Mikal Bridges,Bridges,36.19166564941406,12,7400,NY@MIA,NY,MIA,,,,,,SG/SF
"3612560769","123147-277721651","$5K Mon NBA Piggy Bank Shot (150 Entries Max)","0.05","","","","","","","","","","",123147-70827:Ivica Zubac,123147-70827,C,Ivica,Ivica Zubac,Zubac,34.85384662334736,13,7300,LAC@PHI,LAC,PHI,,,,,,C
"3612560770","123147-277721651","$5K Mon NBA Piggy Bank Shot (150 Entries Max)","0.05","","","","","","","","","","",123147-171759:Chet Holmgren,123147-171759,C/PF,Chet,Chet Holmgren,Holmgren,35.73999938964844,10,7200,OKC@NO,OKC,NO,,,,,,PF/C
"3612560771","123147-277721651","$5K Mon NBA Piggy Bank Shot (150 Entries Max)","0.05","","","","","","","","","","",123147-228113:Cooper Flagg,123147-228113,PG/SG/SF,Cooper,Cooper Flagg,Flagg,32.59285627092634,14,7200,DAL@MIN,DAL,MIN,,,,,,PG/SG/SF
"3612560772","123147-277721651","$5K Mon NBA Piggy Bank Shot (150 Entries Max)","0.05","","","","","","","","","","",123147-171760:Jalen Williams,123147-171760,SF/PF,Jalen,Jalen Williams,Williams,39.97499946925951,92,7100,OKC@NO,OKC,NO,O,Wrist,,,,SF/PF
"3612560773","123147-277721651","$5K Mon NBA Piggy Bank Shot (150 Entries Max)","0.05","","","","","","","","","","",123147-16293:Norman Powell,123147-16293,SF/SG,Norman,Norman Powell,Powell,36.620001220703124,10,7100,NY@MIA,MIA,NY,,,,,,SG/SF
"3612560775","123147-277721651","$5K Mon NBA Piggy Bank Shot (150 Entries Max)","0.05","","","","","","","","","","",123147-188426:Ausar Thompson,123147-188426,SF/SG,Ausar,Ausar Thompson,Thompson,33.02000122070312,10,7000,IND@DET,DET,IND,Q,Ankle,,,,SG/SF
"3612560776","123147-277721651","$5K Mon NBA Piggy Bank Shot (150 Entries Max)","0.05","","","","","","","","","","",123147-110312:Tyler Herro,123147-110312,SG/PG,Tyler,Tyler Herro,Herro,38.65301145990211,83,7000,NY@MIA,MIA,NY,O,Ankle,,,,PG/SG
"3612560777","123147-277721651","$5K Mon NBA Piggy Bank Shot (150 Entries Max)","0.05","","","","","","","","","","",123147-203730:Kel'el Ware,123147-203730,C/PF,Kel'el,Kel'el Ware,Ware,29.115384615384617,13,7000,NY@MIA,MIA,NY,,,,,,PF/C
"3612560778","123147-277721651","$5K Mon NBA Piggy Bank Shot (150 Entries Max)","0.05","","","","","","","","","","",123147-14514:Nikola Vucevic,123147-14514,C,Nikola,Nikola Vucevic,Vucevic,35.6000010172526,12,6900,CHI@DEN,CHI,DEN,,,,,,C
"3612560779","123147-277721651","$5K Mon NBA Piggy Bank Shot (150 Entries Max)","0.05","","","","","","","","","","",123147-171747:Andrew Nembhard,123147-171747,PG/SG,Andrew,Andrew Nembhard,Nembhard,29.4499994913737,6,6900,IND@DET,IND,DET,,,,,,PG/SG
"3612560780","123147-277721651","$5K Mon NBA Piggy Bank Shot (150 Entries Max)","0.05","","","","","","","","","","",123147-171772:Ryan Rollins,123147-171772,PG/SG,Ryan,Ryan Rollins,Rollins,32.93571472167969,14,6900,MIL@CLE,MIL,CLE,,,,,,PG/SG
"3612560781","123147-277721651","$5K Mon NBA Piggy Bank Shot (150 Entries Max)","0.05","","","","","","","","","","",123147-80821:Jarrett Allen,123147-80821,C/PF,Jarrett,Jarrett Allen,Allen,32.175000508626304,12,6800,MIL@CLE,CLE,MIL,,,,,,PF/C
"3612560782","123147-277721651","$5K Mon NBA Piggy Bank Shot (150 Entries Max)","0.05","","","","","","","","","","",123147-68090:OG Anunoby,123147-68090,SF/PF,OG,OG Anunoby,Anunoby,31.6999994913737,12,6800,NY@MIA,NY,MIA,O,Hamstring,,,,SF/PF
"3612560783","123147-277721651","$5K Mon NBA Piggy Bank Shot (150 Entries Max)","0.05","","","","","","","","","","",123147-188422:Jaime Jaquez,123147-188422,SF,Jaime,Jaime Jaquez,Jaquez,35.38461538461539,13,6700,NY@MIA,MIA,NY,,,,,,SF
"3612560784","123147-277721651","$5K Mon NBA Piggy Bank Shot (150 Entries Max)","0.05","","","","","","","","","","",123147-145348:Immanuel Quickley,123147-145348,PG/SG,Immanuel,Immanuel Quickley,Quickley,32.28461632361779,13,6700,CHA@TOR,TOR,CHA,,,,,,PG/SG
"3612560785","123147-277721651","$5K Mon NBA Piggy Bank Shot (150 Entries Max)","0.05","","","","","","","","","","",123147-110357:RJ Barrett,123147-110357,SG/SF,RJ,RJ Barrett,Barrett,33.24615478515625,13,6600,CHA@TOR,TOR,CHA,,,,,,SG/SF
"3612560786","123147-277721651","$5K Mon NBA Piggy Bank Shot (150 Entries Max)","0.05","","","","","","","","","","",123147-80825:Isaiah Hartenstein,123147-80825,C,Isaiah,Isaiah Hartenstein,Hartenstein,34.20714242117746,14,6600,OKC@NO,OKC,NO,,,,,,C
"3612560787","123147-277721651","$5K Mon NBA Piggy Bank Shot (150 Entries Max)","0.05","","","","","","","","","","",123147-12341:Paul George,123147-12341,SF/PF,Paul,Paul George,George,33.50731826410061,41,6500,LAC@PHI,PHI,LAC,P,Knee,,,,SF/PF
"3612560789","123147-277721651","$5K Mon NBA Piggy Bank Shot (150 Entries Max)","0.05","","","","","","","","","","",123147-40562:Josh Hart,123147-40562,SF/PF,Josh,Josh Hart,Hart,24.10000055486506,11,6400,NY@MIA,NY,MIA,,,,,,SF/PF
"3612560790","123147-277721651","$5K Mon NBA Piggy Bank Shot (150 Entries Max)","0.05","","","","","","","","","","",123147-171746:Bennedict Mathurin,123147-171746,SG/SF,Bennedict,Bennedict Mathurin,Mathurin,40.650001525878906,2,6400,IND@DET,IND,DET,Q,Toe,,,,SG/SF
"3612560791","123147-277721651","$5K Mon NBA Piggy Bank Shot (150 Entries Max)","0.05","","","","","","","","","","",123147-49116:Andrew Wiggins,123147-49116,SF/PF,Andrew,Andrew Wiggins,Wiggins,31.71538367638221,13,6400,NY@MIA,MIA,NY,,,,,,SF/PF
"3612560792","123147-277721651","$5K Mon NBA Piggy Bank Shot (150 Entries Max)","0.05","","","","","","","","","","",123147-58378:Jakob Poeltl,123147-58378,C,Jakob,Jakob Poeltl,Poeltl,25.355555216471355,9,6300,CHA@TOR,TOR,CHA,,,,,,C
"3612560793","123147-277721651","$5K Mon NBA Piggy Bank Shot (150 Entries Max)","0.05","","","","","","","","","","",123147-203812:Daniss Jenkins,123147-203812,PG,Daniss,Daniss Jenkins,Jenkins,20.712499618530273,8,6300,IND@DET,DET,IND,,,,,,PG
"3612560795","123147-277721651","$5K Mon NBA Piggy Bank Shot (150 Entries Max)","0.05","","","","","","","","","","",123147-110352:P.J. Washington,123147-110352,PF/SF,P.J.,P.J. Washington,Washington,31.123077392578125,13,6300,DAL@MIN,DAL,MIN,,,,,,SF/PF
"3612560796","123147-277721651","$5K Mon NBA Piggy Bank Shot (150 Entries Max)","0.05","","","","","","","","","","",123147-110338:De'Andre Hunter,123147-110338,SF/PF,De'Andre,De'Andre Hunter,Hunter,29.672726717862215,11,6200,MIL@CLE,CLE,MIL,,,,,,SF/PF
"3612560797","123147-277721651","$5K Mon NBA Piggy Bank Shot (150 Entries Max)","0.05","","","","","","","","","","",123147-228133:VJ Edgecombe,123147-228133,SF/SG,VJ,VJ Edgecombe,Edgecombe,31.883333841959637,12,6200,LAC@PHI,PHI,LAC,,,,,,SG/SF
"3612560798","123147-277721651","$5K Mon NBA Piggy Bank Shot (150 Entries Max)","0.05","","","","","","","","","","",123147-58253:Myles Turner,123147-58253,C,Myles,Myles Turner,Turner,29.814285278320312,14,6200,MIL@CLE,MIL,CLE,,,,,,C
"3612560799","123147-277721651","$5K Mon NBA Piggy Bank Shot (150 Entries Max)","0.05","","","","","","","","","","",123147-145319:Jaden McDaniels,123147-145319,SF/PF,Jaden,Jaden McDaniels,McDaniels,31.446152907151443,13,6200,DAL@MIN,MIN,DAL,,,,,,SF/PF
"3612560800","123147-277721651","$5K Mon NBA Piggy Bank Shot (150 Entries Max)","0.05","","","","","","","","","","",123147-203808:Ajay Mitchell,123147-203808,PG/SG,Ajay,Ajay Mitchell,Mitchell,31.728572300502233,14,6100,OKC@NO,OKC,NO,,,,,,PG/SG
"3612560801","123147-277721651","$5K Mon NBA Piggy Bank Shot (150 Entries Max)","0.05","","","","","","","","","","",123147-157826:Quentin Grimes,123147-157826,SG/SF,Quentin,Quentin Grimes,Grimes,29.09166717529297,12,6100,LAC@PHI,PHI,LAC,,,,,,SG/SF
"3612560803","123147-277721651","$5K Mon NBA Piggy Bank Shot (150 Entries Max)","0.05","","","","","","","","","","",123147-40203:Rudy Gobert,123147-40203,C,Rudy,Rudy Gobert,Gobert,29.115384615384617,13,6100,DAL@MIN,MIN,DAL,,,,,,C
"3612560804","123147-277721651","$5K Mon NBA Piggy Bank Shot (150 Entries Max)","0.05","","","","","","","","","","",123147-228135:Kon Knueppel,123147-228135,SF/SG,Kon,Kon Knueppel,Knueppel,28.838461068960335,13,6000,CHA@TOR,CHA,TOR,,,,,,SG/SF
"3612560805","123147-277721651","$5K Mon NBA Piggy Bank Shot (150 Entries Max)","0.05","","","","","","","","","","",123147-41594:Aaron Gordon,123147-41594,PF,Aaron,Aaron Gordon,Gordon,31.318181818181817,11,5900,CHI@DEN,DEN,CHI,,,,,,PF
"3612560806","123147-277721651","$5K Mon NBA Piggy Bank Shot (150 Entries Max)","0.05","","","","","","","","","","",123147-110326:Coby White,123147-110326,SG/PG,Coby,Coby White,White,43.79999923706055,1,5900,CHI@DEN,CHI,DEN,O,Calf,,,,PG/SG
"3612560807","123147-277721651","$5K Mon NBA Piggy Bank Shot (150 Entries Max)","0.05","","","","","","","","","","",123147-110342:Darius Garland,123147-110342,PG,Darius,Darius Garland,Garland,25.433334350585938,3,5900,MIL@CLE,CLE,MIL,O,Toe,,,,PG
"3612560808","123147-277721651","$5K Mon NBA Piggy Bank Shot (150 Entries Max)","0.05","","","","","","","","","","",123147-171765:Moussa Diabate,123147-171765,C,Moussa,Moussa Diabate,Diabate,26.79230675330529,13,5800,CHA@TOR,CHA,TOR,,,,,,C
"3612560809","123147-277721651","$5K Mon NBA Piggy Bank Shot (150 Entries Max)","0.05","","","","","","","","","","",123147-58153:Kelly Oubre,123147-58153,SG/SF,Kelly,Kelly Oubre,Oubre,29.100001017252605,12,5800,LAC@PHI,PHI,LAC,O,Knee,,,,SG/SF
"3612560810","123147-277721651","$5K Mon NBA Piggy Bank Shot (150 Entries Max)","0.05","","","","","","","","","","",123147-228147:Ryan Kalkbrenner,123147-228147,C,Ryan,Ryan Kalkbrenner,Kalkbrenner,27.0749994913737,12,5800,CHA@TOR,CHA,TOR,,,,,,C
"3612560812","123147-277721651","$5K Mon NBA Piggy Bank Shot (150 Entries Max)","0.05","","","","","","","","","","",123147-145329:Paul Reed,123147-145329,C,Paul,Paul Reed,Reed,19.46363691850142,11,5800,IND@DET,DET,IND,,,,,,C
"3612560813","123147-277721651","$5K Mon NBA Piggy Bank Shot (150 Entries Max)","0.05","","","","","","","","","","",123147-203761:Matas Buzelis,123147-203761,PF/SF,Matas,Matas Buzelis,Buzelis,27.566665649414062,12,5800,CHI@DEN,CHI,DEN,,,,,,SF/PF
"3612560814","123147-277721651","$5K Mon NBA Piggy Bank Shot (150 Entries Max)","0.05","","","","","","","","","","",123147-188419:Brandon Miller,123147-188419,SF/SG,Brandon,Brandon Miller,Miller,22,2,5700,CHA@TOR,CHA,TOR,O,Shoulder,,,,SG/SF
"3612560815","123147-277721651","$5K Mon NBA Piggy Bank Shot (150 Entries Max)","0.05","","","","","","","","","","",123147-15557:Andre Drummond,123147-15557,C,Andre,Andre Drummond,Drummond,24.172726717862215,11,5700,LAC@PHI,PHI,LAC,,,,,,C
"3612560816","123147-277721651","$5K Mon NBA Piggy Bank Shot (150 Entries Max)","0.05","","","","","","","","","","",123147-84681:Donte DiVincenzo,123147-84681,SG/PG,Donte,Donte DiVincenzo,DiVincenzo,27.153846153846153,13,5700,DAL@MIN,MIN,DAL,,,,,,PG/SG
"3612560817","123147-277721651","$5K Mon NBA Piggy Bank Shot (150 Entries Max)","0.05","","","","","","","","","","",123147-110325:Daniel Gafford,123147-110325,C,Daniel,Daniel Gafford,Gafford,25.955556233723957,9,5700,DAL@MIN,DAL,MIN,O,Ankle,,,,C
"3612560819","123147-277721651","$5K Mon NBA Piggy Bank Shot (150 Entries Max)","0.05","","","","","","","","","","",123147-228131:Jeremiah Fears,123147-228131,PG,Jeremiah,Jeremiah Fears,Fears,25.923076923076923,13,5700,OKC@NO,NO,OKC,,,,,,PG
"3612560821","123147-277721651","$5K Mon NBA Piggy Bank Shot (150 Entries Max)","0.05","","","","","","","","","","",123147-157812:Davion Mitchell,123147-157812,PG,Davion,Davion Mitchell,Mitchell,27.76153799203726,13,5600,NY@MIA,MIA,NY,,,,,,PG
"3612560822","123147-277721651","$5K Mon NBA Piggy Bank Shot (150 Entries Max)","0.05","","","","","","","","","","",123147-84667:Collin Sexton,123147-84667,SG/PG,Collin,Collin Sexton,Sexton,24.96666717529297,12,5600,CHA@TOR,CHA,TOR,,,,,,PG/SG
"3612560823","123147-277721651","$5K Mon NBA Piggy Bank Shot (150 Entries Max)","0.05","","","","","","","","","","",123147-84704:Kevin Huerter,123147-84704,SF/SG,Kevin,Kevin Huerter,Huerter,27.725001017252605,12,5600,CHI@DEN,CHI,DEN,,,,,,SG/SF
"3612560824","123147-277721651","$5K Mon NBA Piggy Bank Shot (150 Entries Max)","0.05","","","","","","","","","","",123147-171761:Peyton Watson,123147-171761,PF,Peyton,Peyton Watson,Watson,18.650000254313152,12,5600,CHI@DEN,DEN,CHI,,,,,,PF
"3612560825","123147-277721651","$5K Mon NBA Piggy Bank Shot (150 Entries Max)","0.05","","","","","","","","","","",123147-157824:Miles McBride,123147-157824,PG/SG,Miles,Miles McBride,McBride,17.86999969482422,10,5500,NY@MIA,NY,MIA,,,,,,PG/SG
"3612560826","123147-277721651","$5K Mon NBA Piggy Bank Shot (150 Entries Max)","0.05","","","","","","","","","","",123147-163978:Brandon Williams,123147-163978,PG,Brandon,Brandon Williams,Williams,22.149998982747395,12,5500,DAL@MIN,DAL,MIN,,,,,,PG
"3612560827","123147-277721651","$5K Mon NBA Piggy Bank Shot (150 Entries Max)","0.05","","","","","","","","","","",123147-228132:Derik Queen,123147-228132,PF/C,Derik,Derik Queen,Queen,24.52307598407452,13,5500,OKC@NO,NO,OKC,,,,,,PF/C
"3612560828","123147-277721651","$5K Mon NBA Piggy Bank Shot (150 Entries Max)","0.05","","","","","","","","","","",123147-145307:Isaiah Stewart,123147-145307,C/PF,Isaiah,Isaiah Stewart,Stewart,26.589999389648437,10,5500,IND@DET,DET,IND,,,,,,PF/C
"3612560829","123147-277721651","$5K Mon NBA Piggy Bank Shot (150 Entries Max)","0.05","","","","","","","","","","",123147-145323:Tre Jones,123147-145323,SG/PG,Tre,Tre Jones,Jones,31.436362526633523,11,5500,CHI@DEN,CHI,DEN,D,Ankle,,,,PG/SG
"3612560830","123147-277721651","$5K Mon NBA Piggy Bank Shot (150 Entries Max)","0.05","","","","","","","","","","",123147-58312:D'Angelo Russell,123147-58312,PG,D'Angelo,D'Angelo Russell,Russell,22.964285714285715,14,5500,DAL@MIN,DAL,MIN,,,,,,PG
"3612560831","123147-277721651","$5K Mon NBA Piggy Bank Shot (150 Entries Max)","0.05","","","","","","","","","","",123147-58377:Kyle Kuzma,123147-58377,SF/PF,Kyle,Kyle Kuzma,Kuzma,24.18461491511418,13,5400,MIL@CLE,MIL,CLE,,,,,,SF/PF
"3612560832","123147-277721651","$5K Mon NBA Piggy Bank Shot (150 Entries Max)","0.05","","","","","","","","","","",123147-14518:Tobias Harris,123147-14518,PF/SF,Tobias,Tobias Harris,Harris,26.616666158040363,6,5400,IND@DET,DET,IND,O,Ankle,,,,SF/PF
"3612560833","123147-277721651","$5K Mon NBA Piggy Bank Shot (150 Entries Max)","0.05","","","","","","","","","","",123147-110995:Naz Reid,123147-110995,C/PF,Naz,Naz Reid,Reid,25.77692354642428,13,5400,DAL@MIN,MIN,DAL,,,,,,PF/C
"3612560834","123147-277721651","$5K Mon NBA Piggy Bank Shot (150 Entries Max)","0.05","","","","","","","","","","",123147-145328:Saddiq Bey,123147-145328,SF/PF,Saddiq,Saddiq Bey,Bey,22.72307645357572,13,5400,OKC@NO,NO,OKC,,,,,,SF/PF
"3612560835","123147-277721651","$5K Mon NBA Piggy Bank Shot (150 Entries Max)","0.05","","","","","","","","","","",123147-85137:Duncan Robinson,123147-85137,SG/SF,Duncan,Duncan Robinson,Robinson,21.45384568434495,13,5300,IND@DET,DET,IND,,,,,,SG/SF
"3612560836","123147-277721651","$5K Mon NBA Piggy Bank Shot (150 Entries Max)","0.05","","","","","","","","","","",123147-20640:Jordan Clarkson,123147-20640,SG/PG,Jordan,Jordan Clarkson,Clarkson,15.391666412353516,12,5300,NY@MIA,NY,MIA,,,,,,PG/SG
"3612560837","123147-277721651","$5K Mon NBA Piggy Bank Shot (150 Entries Max)","0.05","","","","","","","","","","",123147-145819:Naji Marshall,123147-145819,SF/PF,Naji,Naji Marshall,Marshall,23.985713413783483,14,5300,DAL@MIN,DAL,MIN,,,,,,SF/PF
"3612560839","123147-277721651","$5K Mon NBA Piggy Bank Shot (150 Entries Max)","0.05","","","","","","","","","","",123147-157849:Ayo Dosunmu,123147-157849,SG,Ayo,Ayo Dosunmu,Dosunmu,23.980000305175782,10,5200,CHI@DEN,CHI,DEN,P,Hamstring,,,,SG
"3612560840","123147-277721651","$5K Mon NBA Piggy Bank Shot (150 Entries Max)","0.05","","","","","","","","","","",123147-171751:Max Christie,123147-171751,SF/SG,Max,Max Christie,Christie,23.571428571428573,14,5200,DAL@MIN,DAL,MIN,,,,,,SG/SF
"3612560841","123147-277721651","$5K Mon NBA Piggy Bank Shot (150 Entries Max)","0.05","","","","","","","","","","",123147-203728:Jaylon Tyson,123147-203728,SF,Jaylon,Jaylon Tyson,Tyson,23.890907981178977,11,5200,MIL@CLE,CLE,MIL,O,Concussion,,,,SF
"3612560842","123147-277721651","$5K Mon NBA Piggy Bank Shot (150 Entries Max)","0.05","","","","","","","","","","",123147-203762:Ronald Holland,123147-203762,PF/SF,Ronald,Ronald Holland,Holland,20.76923076923077,13,5200,IND@DET,DET,IND,,,,,,SF/PF
"3612560843","123147-277721651","$5K Mon NBA Piggy Bank Shot (150 Entries Max)","0.05","","","","","","","","","","",123147-112709:Javonte Green,123147-112709,SF,Javonte,Javonte Green,Green,17.576923076923077,13,5100,IND@DET,DET,IND,,,,,,SF
"3612560844","123147-277721651","$5K Mon NBA Piggy Bank Shot (150 Entries Max)","0.05","","","","","","","","","","",123147-66236:John Collins,123147-66236,PF/C,John,John Collins,Collins,20.96153846153846,13,5100,LAC@PHI,LAC,PHI,,,,,,PF/C
"3612560845","123147-277721651","$5K Mon NBA Piggy Bank Shot (150 Entries Max)","0.05","","","","","","","","","","",123147-171925:Dominick Barlow,123147-171925,C,Dominick,Dominick Barlow,Barlow,21.666666666666668,3,5100,LAC@PHI,PHI,LAC,,,,,,C
"3612560846","123147-277721651","$5K Mon NBA Piggy Bank Shot (150 Entries Max)","0.05","","","","","","","","","","",123147-110322:Jordan Poole,123147-110322,PG/SG,Jordan,Jordan Poole,Poole,24.057141985212052,7,5000,OKC@NO,NO,OKC,O,Quadriceps,,,,PG/SG
"3612560847","123147-277721651","$5K Mon NBA Piggy Bank Shot (150 Entries Max)","0.05","","","","","","","","","","",123147-84724:Landry Shamet,123147-84724,SG,Landry,Landry Shamet,Shamet,14.77500025431315,12,5000,NY@MIA,NY,MIA,,,,,,SG
"3612560848","123147-277721651","$5K Mon NBA Piggy Bank Shot (150 Entries Max)","0.05","","","","","","","","","","",123147-145333:Aaron Nesmith,123147-145333,SF/PF,Aaron,Aaron Nesmith,Nesmith,25.66363525390625,11,5000,IND@DET,IND,DET,O,Knee,,,,SF/PF
"3612560849","123147-277721651","$5K Mon NBA Piggy Bank Shot (150 Entries Max)","0.05","","","","","","","","","","",123147-157848:Herbert Jones,123147-157848,SF/PF,Herbert,Herbert Jones,Jones,21.22307645357572,13,4900,OKC@NO,NO,OKC,,,,,,SF/PF
"3612560850","123147-277721651","$5K Mon NBA Piggy Bank Shot (150 Entries Max)","0.05","","","","","","","","","","",123147-42156:Bobby Portis,123147-42156,PF/C,Bobby,Bobby Portis,Portis,17.849999564034597,14,4900,MIL@CLE,MIL,CLE,,,,,,PF/C
"3612560851","123147-277721651","$5K Mon NBA Piggy Bank Shot (150 Entries Max)","0.05","","","","","","","","","","",123147-23798:Caris LeVert,123147-23798,SG/SF,Caris,Caris LeVert,LeVert,17.433332655164932,9,4900,IND@DET,DET,IND,,,,,,SG/SF
"3612560852","123147-277721651","$5K Mon NBA Piggy Bank Shot (150 Entries Max)","0.05","","","","","","","","","","",123147-171780:Jaden Ivey,123147-171780,SG/PG,Jaden,Jaden Ivey,Ivey,29.44333292643229,30,4900,IND@DET,DET,IND,O,Knee,,,,PG/SG
"3612560853","123147-277721651","$5K Mon NBA Piggy Bank Shot (150 Entries Max)","0.05","","","","","","","","","","",123147-171792:Nikola Jovic,123147-171792,PF,Nikola,Nikola Jovic,Jovic,20.884615384615383,13,4900,NY@MIA,MIA,NY,,,,,,PF
"3612560855","123147-277721651","$5K Mon NBA Piggy Bank Shot (150 Entries Max)","0.05","","","","","","","","","","",123147-66968:Derrick Jones,123147-66968,SF/PF,Derrick,Derrick Jones,Jones,20.169231708233173,13,4900,LAC@PHI,LAC,PHI,O,Knee,,,,SF/PF
"3612560856","123147-277721651","$5K Mon NBA Piggy Bank Shot (150 Entries Max)","0.05","","","","","","","","","","",123147-15846:Tim Hardaway,123147-15846,SF/SG,Tim,Tim Hardaway,Hardaway,17.9250005086263,12,4900,CHI@DEN,DEN,CHI,,,,,,SG/SF
"3612560857","123147-277721651","$5K Mon NBA Piggy Bank Shot (150 Entries Max)","0.05","","","","","","","","","","",123147-188409:Jarace Walker,123147-188409,PF/C,Jarace,Jarace Walker,Walker,22.346153846153847,13,4900,IND@DET,IND,DET,,,,,,PF/C
"3612560858","123147-277721651","$5K Mon NBA Piggy Bank Shot (150 Entries Max)","0.05","","","","","","","","","","",123147-157829:Aaron Wiggins,123147-157829,SF/PF,Aaron,Aaron Wiggins,Wiggins,25.177778455946182,9,4800,OKC@NO,OKC,NO,O,Thigh,,,,SF/PF
"3612560859","123147-277721651","$5K Mon NBA Piggy Bank Shot (150 Entries Max)","0.05","","","","","","","","","","",123147-171744:Christian Braun,123147-171744,SG/SF,Christian,Christian Braun,Braun,23.10000055486506,11,4800,CHI@DEN,DEN,CHI,O,Ankle,,,,SG/SF
"3612560861","123147-277721651","$5K Mon NBA Piggy Bank Shot (150 Entries Max)","0.05","","","","","","","","","","",123147-157831:Tre Mann,123147-157831,SG/PG,Tre,Tre Mann,Mann,19.77692354642428,13,4700,CHA@TOR,CHA,TOR,,,,,,PG/SG
"3612560862","123147-277721651","$5K Mon NBA Piggy Bank Shot (150 Entries Max)","0.05","","","","","","","","","","",123147-145327:Cole Anthony,123147-145327,PG/SG,Cole,Cole Anthony,Anthony,22.192307692307693,13,4700,MIL@CLE,MIL,CLE,,,,,,PG/SG
"3612560863","123147-277721651","$5K Mon NBA Piggy Bank Shot (150 Entries Max)","0.05","","","","","","","","","","",123147-203802:Pelle Larsson,123147-203802,SG,Pelle,Pelle Larsson,Larsson,17.515384380634014,13,4600,NY@MIA,MIA,NY,,,,,,SG
"3612560864","123147-277721651","$5K Mon NBA Piggy Bank Shot (150 Entries Max)","0.05","","","","","","","","","","",123147-84694:Bruce Brown,123147-84694,SF/SG,Bruce,Bruce Brown,Brown,15.983333587646484,12,4600,CHI@DEN,DEN,CHI,,,,,,SG/SF
"3612560865","123147-277721651","$5K Mon NBA Piggy Bank Shot (150 Entries Max)","0.05","","","","","","","","","","",123147-18393:T.J. McConnell,123147-18393,PG,T.J.,T.J. McConnell,McConnell,15.366666158040365,3,4500,IND@DET,IND,DET,,,,,,PG
"3612560866","123147-277721651","$5K Mon NBA Piggy Bank Shot (150 Entries Max)","0.05","","","","","","","","","","",123147-188415:Cason Wallace,123147-188415,SG/PG,Cason,Cason Wallace,Wallace,23.24615478515625,13,4500,OKC@NO,OKC,NO,,,,,,PG/SG
"3612560867","123147-277721651","$5K Mon NBA Piggy Bank Shot (150 Entries Max)","0.05","","","","","","","","","","",123147-188423:Julian Strawther,123147-188423,SF,Julian,Julian Strawther,Strawther,6.1999999152289496,9,4400,CHI@DEN,DEN,CHI,Q,Back,,,,SF
"3612560868","123147-277721651","$5K Mon NBA Piggy Bank Shot (150 Entries Max)","0.05","","","","","","","","","","",123147-55060:Bogdan Bogdanovic,123147-55060,SG/SF,Bogdan,Bogdan Bogdanovic,Bogdanovic,19.65714372907366,7,4400,LAC@PHI,LAC,PHI,Q,Hip,,,,SG/SF
"3612560869","123147-277721651","$5K Mon NBA Piggy Bank Shot (150 Entries Max)","0.05","","","","","","","","","","",123147-80806:Lonzo Ball,123147-80806,PG,Lonzo,Lonzo Ball,Ball,20.39090936834162,11,4400,MIL@CLE,CLE,MIL,,,,,,PG
"3612560870","123147-277721651","$5K Mon NBA Piggy Bank Shot (150 Entries Max)","0.05","","","","","","","","","","",123147-145317:Sam Merrill,123147-145317,SF/SG,Sam,Sam Merrill,Merrill,20.59090909090909,11,4400,MIL@CLE,CLE,MIL,,,,,,SG/SF
"3612560872","123147-277721651","$5K Mon NBA Piggy Bank Shot (150 Entries Max)","0.05","","","","","","","","","","",123147-188425:Dereck Lively,123147-188425,C,Dereck,Dereck Lively,Lively,17.31999969482422,5,4300,DAL@MIN,DAL,MIN,O,Knee,,,,C
"3612560873","123147-277721651","$5K Mon NBA Piggy Bank Shot (150 Entries Max)","0.05","","","","","","","","","","",123147-157827:Isaiah Jackson,123147-157827,C,Isaiah,Isaiah Jackson,Jackson,18.36923100398137,13,4300,IND@DET,IND,DET,,,,,,C
"3612560874","123147-277721651","$5K Mon NBA Piggy Bank Shot (150 Entries Max)","0.05","","","","","","","","","","",123147-158856:Trendon Watford,123147-158856,PF,Trendon,Trendon Watford,Watford,20.455556233723957,9,4300,LAC@PHI,PHI,LAC,,,,,,PF
"3612560875","123147-277721651","$5K Mon NBA Piggy Bank Shot (150 Entries Max)","0.05","","","","","","","","","","",123147-23802:Kris Dunn,123147-23802,PG/SG,Kris,Kris Dunn,Dunn,17.7000004695012,13,4300,LAC@PHI,LAC,PHI,,,,,,PG/SG
"3612560876","123147-277721651","$5K Mon NBA Piggy Bank Shot (150 Entries Max)","0.05","","","","","","","","","","",123147-23981:Alex Caruso,123147-23981,SF/SG,Alex,Alex Caruso,Caruso,17.61999969482422,10,4300,OKC@NO,OKC,NO,,,,,,SG/SF
"3612560877","123147-277721651","$5K Mon NBA Piggy Bank Shot (150 Entries Max)","0.05","","","","","","","","","","",123147-203772:Justin Edwards,123147-203772,PF/SF,Justin,Justin Edwards,Edwards,10.55,10,4300,LAC@PHI,PHI,LAC,,,,,,SF/PF
"3612560878","123147-277721651","$5K Mon NBA Piggy Bank Shot (150 Entries Max)","0.05","","","","","","","","","","",123147-189467:Craig Porter,123147-189467,PG,Craig,Craig Porter,Porter,16.835714067731583,14,4200,MIL@CLE,CLE,MIL,,,,,,PG
"3612560879","123147-277721651","$5K Mon NBA Piggy Bank Shot (150 Entries Max)","0.05","","","","","","","","","","",123147-84695:Gary Trent,123147-84695,SG/SF,Gary,Gary Trent,Trent,17.957142421177455,14,4200,MIL@CLE,MIL,CLE,,,,,,SG/SF
"3612560880","123147-277721651","$5K Mon NBA Piggy Bank Shot (150 Entries Max)","0.05","","","","","","","","","","",123147-84709:Mitchell Robinson,123147-84709,C,Mitchell,Mitchell Robinson,Robinson,19.900000254313152,6,4200,NY@MIA,NY,MIA,,,,,,C
"3612560881","123147-277721651","$5K Mon NBA Piggy Bank Shot (150 Entries Max)","0.05","","","","","","","","","","",123147-145330:Isaiah Joe,123147-145330,SG,Isaiah,Isaiah Joe,Joe,22.333333333333332,9,4200,OKC@NO,OKC,NO,,,,,,SG
"3612560882","123147-277721651","$5K Mon NBA Piggy Bank Shot (150 Entries Max)","0.05","","","","","","","","","","",123147-145341:Isaac Okoro,123147-145341,SF,Isaac,Isaac Okoro,Okoro,17.224999745686848,12,4200,CHI@DEN,CHI,DEN,,,,,,SF
"3612560883","123147-277721651","$5K Mon NBA Piggy Bank Shot (150 Entries Max)","0.05","","","","","","","","","","",123147-157846:Sandro Mamukelashvili,123147-157846,C,Sandro,Sandro Mamukelashvili,Mamukelashvili,18.59166717529297,12,4100,CHA@TOR,TOR,CHA,,,,,,C
"3612560884","123147-277721651","$5K Mon NBA Piggy Bank Shot (150 Entries Max)","0.05","","","","","","","","","","",123147-228122:Collin Murray-Boyles,123147-228122,PF/SF,Collin,Collin Murray-Boyles,Murray-Boyles,17.939999389648438,10,4100,CHA@TOR,TOR,CHA,,,,,,SF/PF
"3612560886","123147-277721651","$5K Mon NBA Piggy Bank Shot (150 Entries Max)","0.05","","","","","","","","","","",123147-145322:Jalen Smith,123147-145322,C,Jalen,Jalen Smith,Smith,19.650000254313152,12,4100,CHI@DEN,CHI,DEN,,,,,,C
"3612560887","123147-277721651","$5K Mon NBA Piggy Bank Shot (150 Entries Max)","0.05","","","","","","","","","","",123147-233063:Moussa Cisse,123147-233063,C,Moussa,Moussa Cisse,Cisse,12.769999694824218,10,4000,DAL@MIN,DAL,MIN,,,,,,C
"3612560888","123147-277721651","$5K Mon NBA Piggy Bank Shot (150 Entries Max)","0.05","","","","","","","","","","",123147-157830:Jeremiah Robinson-Earl,123147-157830,C,Jeremiah,Jeremiah Robinson-Earl,Robinson-Earl,15.712499618530273,8,4000,IND@DET,IND,DET,,,,,,C
"3612560889","123147-277721651","$5K Mon NBA Piggy Bank Shot (150 Entries Max)","0.05","","","","","","","","","","",123147-14503:Jonas Valanciunas,123147-14503,C,Jonas,Jonas Valanciunas,Valanciunas,17.941666920979817,12,4000,CHI@DEN,DEN,CHI,,,,,,C
"3612560890","123147-277721651","$5K Mon NBA Piggy Bank Shot (150 Entries Max)","0.05","","","","","","","","","","",123147-158373:Jose Alvarado,123147-158373,PG,Jose,Jose Alvarado,Alvarado,16.191666920979817,12,4000,OKC@NO,NO,OKC,,,,,,PG
"3612560891","123147-277721651","$5K Mon NBA Piggy Bank Shot (150 Entries Max)","0.05","","","","","","","","","","",123147-213172:Nae'Qwan Tomlin,123147-213172,PF,Nae'Qwan,Nae'Qwan Tomlin,Tomlin,18.019999694824218,5,4000,MIL@CLE,CLE,MIL,,,,,,PF
"3612560893","123147-277721651","$5K Mon NBA Piggy Bank Shot (150 Entries Max)","0.05","","","","","","","","","","",123147-110316:Cameron Johnson,123147-110316,SF/PF,Cameron,Cameron Johnson,Johnson,14.436363913796164,11,4000,CHI@DEN,DEN,CHI,Q,Biceps,,,,SF/PF
"3612560894","123147-277721651","$5K Mon NBA Piggy Bank Shot (150 Entries Max)","0.05","","","","","","","","","","",123147-110345:Kevin Porter,123147-110345,PG/SG,Kevin,Kevin Porter,Porter,16,1,4000,MIL@CLE,MIL,CLE,O,Knee,,,,PG/SG
"3612560895","123147-277721651","$5K Mon NBA Piggy Bank Shot (150 Entries Max)","0.05","","","","","","","","","","",123147-161553:Dru Smith,123147-161553,SG,Dru,Dru Smith,Smith,17.346153846153847,13,4000,NY@MIA,MIA,NY,,,,,,SG
"3612560896","123147-277721651","$5K Mon NBA Piggy Bank Shot (150 Entries Max)","0.05","","","","","","","","","","",123147-203798:Jamal Shead,123147-203798,PG,Jamal,Jamal Shead,Shead,17.107691838191105,13,3900,CHA@TOR,TOR,CHA,,,,,,PG
"3612560897","123147-277721651","$5K Mon NBA Piggy Bank Shot (150 Entries Max)","0.05","","","","","","","","","","",123147-9809:Nicolas Batum,123147-9809,SF,Nicolas,Nicolas Batum,Batum,11.923076923076923,13,3900,LAC@PHI,LAC,PHI,,,,,,SF
"3612560898","123147-277721651","$5K Mon NBA Piggy Bank Shot (150 Entries Max)","0.05","","","","","","","","","","",123147-111273:Luguentz Dort,123147-111273,SF/SG,Luguentz,Luguentz Dort,Dort,16.975000381469727,8,3900,OKC@NO,OKC,NO,,,,,,SG/SF
"3612560706","123147-277722052","$60K Mon NBA Floater ($10K to 1st)","3","","","","","","","","","","",123147-14509:Klay Thompson,123147-14509,SF/SG,Klay,Klay Thompson,Thompson,16.515384380634014,13,3900,DAL@MIN,DAL,MIN,,,,,,SG/SF
"3612560708","123147-277722052","$60K Mon NBA Floater ($10K to 1st)","3","","","","","","","","","","",123147-173747:Simone Fontecchio,123147-173747,SF,Simone,Simone Fontecchio,Fontecchio,17.00769277719351,13,3900,NY@MIA,MIA,NY,,,,,,SF
"3612560709","123147-277722052","$60K Mon NBA Floater ($10K to 1st)","3","","","","","","","","","","",123147-171758:Jaylin Williams,123147-171758,C/PF,Jaylin,Jaylin Williams,Williams,17.607691838191105,13,3900,OKC@NO,OKC,NO,,,,,,PF/C
"","","","","","","","","","","","","","",123147-110318:Grant Williams,123147-110318,PF,Grant,Grant Williams,Williams,24.056249618530273,16,3900,CHA@TOR,CHA,TOR,O,Knee,,,,PF
"","","","","","","","","","","","","","",123147-110883:Dean Wade,123147-110883,PF/SF,Dean,Dean Wade,Wade,14.946154080904448,13,3900,MIL@CLE,CLE,MIL,,,,,,SF/PF
"","","","","","","","","","","","","","",123147-228148:Sion James,123147-228148,SF/SG,Sion,Sion James,James,16.253846388596756,13,3900,CHA@TOR,CHA,TOR,,,,,,SG/SF
"","","","","","","","","","","","","","",123147-145308:Patrick Williams,123147-145308,PF/SF,Patrick,Patrick Williams,Williams,17.416666666666668,12,3900,CHI@DEN,CHI,DEN,,,,,,SF/PF
"","","","","","","","","","","","","","",123147-203729:Yves Missi,123147-203729,C,Yves,Yves Missi,Missi,16.524999618530273,8,3900,OKC@NO,NO,OKC,,,,,,C
"","","","","","","","","","","","","","",123147-188410:Ben Sheppard,123147-188410,SG/PG,Ben,Ben Sheppard,Sheppard,15.561538696289062,13,3900,IND@DET,IND,DET,,,,,,PG/SG
"","","","","","","","","","","","","","",123147-203771:Adem Bona,123147-203771,C,Adem,Adem Bona,Bona,12.308333079020182,12,3900,LAC@PHI,PHI,LAC,O,Ankle,,,,C
"","","","","","","","","","","","","","",123147-188427:Marcus Sasser,123147-188427,PG,Marcus,Marcus Sasser,Sasser,12.742105048999452,57,3800,IND@DET,DET,IND,O,Hip,,,,PG
"","","","","","","","","","","","","","",123147-188434:Gradey Dick,123147-188434,SG,Gradey,Gradey Dick,Dick,12.346153846153847,13,3800,CHA@TOR,TOR,CHA,,,,,,SG
"","","","","","","","","","","","","","",123147-203801:KJ Simpson,123147-203801,PG,KJ,KJ Simpson,Simpson,13.300000508626303,6,3800,CHA@TOR,CHA,TOR,,,,,,PG
"","","","","","","","","","","","","","",123147-112708:Max Strus,123147-112708,SG/SF,Max,Max Strus,Strus,21.42542331501589,59,3800,MIL@CLE,CLE,MIL,O,Foot,,,,SG/SF
"","","","","","","","","","","","","","",123147-171672:AJ Green,123147-171672,SG,AJ,AJ Green,Green,16.77142878941127,14,3800,MIL@CLE,MIL,CLE,,,,,,SG
"","","","","","","","","","","","","","",123147-171778:Wendell Moore,123147-171778,SF,Wendell,Wendell Moore,Moore,9.449999809265137,2,3800,IND@DET,DET,IND,,,,,,SF
"","","","","","","","","","","","","","",123147-9575:Mike Conley,123147-9575,PG,Mike,Mike Conley,Conley,15.476922842172476,13,3800,DAL@MIN,MIN,DAL,,,,,,PG
"","","","","","","","","","","","","","",123147-159097:Jay Huff,123147-159097,C,Jay,Jay Huff,Huff,15.461538461538462,13,3800,IND@DET,IND,DET,,,,,,C
"","","","","","","","","","","","","","",123147-203731:Jared McCain,123147-203731,SG/PG,Jared,Jared McCain,McCain,3.4666665395100913,3,3800,LAC@PHI,PHI,LAC,,,,,,PG/SG
"","","","","","","","","","","","","","",123147-20992:Larry Nance,123147-20992,PF/C,Larry,Larry Nance,Nance,10.716667175292969,12,3700,MIL@CLE,CLE,MIL,,,,,,PF/C
"","","","","","","","","","","","","","",123147-203800:Branden Carlson,123147-203800,C,Branden,Branden Carlson,Carlson,7.211111280653212,9,3700,OKC@NO,OKC,NO,,,,,,C
"","","","","","","","","","","","","","",123147-188453:Jaylen Clark,123147-188453,SG,Jaylen,Jaylen Clark,Clark,11.009090770374645,11,3700,DAL@MIN,MIN,DAL,,,,,,SG
"","","","","","","","","","","","","","",123147-179762:Quenton Jackson,123147-179762,SG,Quenton,Quenton Jackson,Jackson,23.68000030517578,5,3700,IND@DET,IND,DET,O,Hamstring,,,,SG
"","","","","","","","","","","","","","",123147-207562:Spencer Jones,123147-207562,SF,Spencer,Spencer Jones,Jones,4.925000190734863,8,3700,CHI@DEN,DEN,CHI,,,,,,SF
"","","","","","","","","","","","","","",123147-171764:Jabari Walker,123147-171764,PF,Jabari,Jabari Walker,Walker,8.325000127156576,12,3700,LAC@PHI,PHI,LAC,,,,,,PF
"","","","","","","","","","","","","","",123147-171793:Karlo Matkovic,123147-171793,C,Karlo,Karlo Matkovic,Matkovic,10.0363637750799,11,3700,OKC@NO,NO,OKC,,,,,,C
"","","","","","","","","","","","","","",123147-228134:Liam McNeeley,123147-228134,SF,Liam,Liam McNeeley,McNeeley,8.655555725097656,9,3700,CHA@TOR,CHA,TOR,O,Illness,,,,SF
"","","","","","","","","","","","","","",123147-228157:Kobe Sanders,123147-228157,SG,Kobe,Kobe Sanders,Sanders,10.05999984741211,5,3700,LAC@PHI,LAC,PHI,,,,,,SG
"","","","","","","","","","","","","","",123147-9621:Brook Lopez,123147-9621,C,Brook,Brook Lopez,Lopez,13.153846153846153,13,3700,LAC@PHI,LAC,PHI,,,,,,C
"","","","","","","","","","","","","","",123147-80823:Tony Bradley,123147-80823,C,Tony,Tony Bradley,Bradley,11.73846200796274,13,3700,IND@DET,IND,DET,,,,,,C
"","","","","","","","","","","","","","",123147-203718:Rob Dillingham,123147-203718,PG,Rob,Rob Dillingham,Dillingham,9.854545593261719,11,3700,DAL@MIN,MIN,DAL,,,,,,PG
"","","","","","","","","","","","","","",123147-203727:Ja'Kobe Walter,123147-203727,SG,Ja'Kobe,Ja'Kobe Walter,Walter,7.259999847412109,10,3700,CHA@TOR,TOR,CHA,,,,,,SG
"","","","","","","","","","","","","","",123147-24544:Gary Harris,123147-24544,SG,Gary,Gary Harris,Harris,6.828571319580078,7,3700,MIL@CLE,MIL,CLE,,,,,,SG
"","","","","","","","","","","","","","",123147-188421:Jordan Hawkins,123147-188421,SG,Jordan,Jordan Hawkins,Hawkins,7.466666539510091,12,3600,OKC@NO,NO,OKC,,,,,,SG
"","","","","","","","","","","","","","",123147-188445:Jordan Miller,123147-188445,SF,Jordan,Jordan Miller,Miller,14.033332824707031,3,3600,LAC@PHI,LAC,PHI,O,Hamstring,,,,SF
"","","","","","","","","","","","","","",123147-203809:Cam Christie,123147-203809,SG,Cam,Cam Christie,Christie,10.25,8,3600,LAC@PHI,LAC,PHI,,,,,,SG
"","","","","","","","","","","","","","",123147-203813:Bobi Klintman,123147-203813,PF,Bobi,Bobi Klintman,Klintman,7.200000127156575,6,3600,IND@DET,DET,IND,O,Ankle,,,,PF
"","","","","","","","","","","","","","",123147-113267:Caleb Martin,123147-113267,SF,Caleb,Caleb Martin,Martin,5.691666920979817,12,3600,DAL@MIN,DAL,MIN,,,,,,SF
"","","","","","","","","","","","","","",123147-15993:Pat Connaughton,123147-15993,SG,Pat,Pat Connaughton,Connaughton,8.399999830457899,9,3600,CHA@TOR,CHA,TOR,,,,,,SG
"","","","","","","","","","","","","","",123147-157825:Jericho Sims,123147-157825,C,Jericho,Jericho Sims,Sims,4.188888973659939,9,3600,MIL@CLE,MIL,CLE,,,,,,C
"","","","","","","","","","","","","","",123147-157834:Bones Hyland,123147-157834,PG,Bones,Bones Hyland,Hyland,8.045454545454545,11,3600,DAL@MIN,MIN,DAL,,,,,,PG
"","","","","","","","","","","","","","",123147-70823:Guerschon Yabusele,123147-70823,PF,Guerschon,Guerschon Yabusele,Yabusele,6.854545593261719,11,3600,NY@MIA,NY,MIA,,,,,,PF
"","","","","","","","","","","","","","",123147-58576:Kevon Looney,123147-58576,C,Kevon,Kevon Looney,Looney,11.700000217982701,7,3600,OKC@NO,NO,OKC,,,,,,C
"","","","","","","","","","","","","","",123147-84696:Jevon Carter,123147-84696,PG,Jevon,Jevon Carter,Carter,11.533332824707031,3,3600,CHI@DEN,CHI,DEN,,,,,,PG
"","","","","","","","","","","","","","",123147-15590:Mason Plumlee,123147-15590,C,Mason,Mason Plumlee,Plumlee,2.1666666666666665,6,3600,CHA@TOR,CHA,TOR,,,,,,C
"","","","","","","","","","","","","","",123147-171781:Ochai Agbaji,123147-171781,SG,Ochai,Ochai Agbaji,Agbaji,7.866667005750868,9,3600,CHA@TOR,TOR,CHA,D,Back,,,,SG
"","","","","","","","","","","","","","",123147-213259:Tolu Smith,123147-213259,PF,Tolu,Tolu Smith,Smith,19.100000381469727,2,3600,IND@DET,DET,IND,,,,,,PF
"","","","","","","","","","","","","","",123147-171791:Jaden Hardy,123147-171791,SG,Jaden,Jaden Hardy,Hardy,7.418181679465554,11,3600,DAL@MIN,DAL,MIN,,,,,,SG
"","","","","","","","","","","","","","",123147-171795:Ousmane Dieng,123147-171795,PF,Ousmane,Ousmane Dieng,Dieng,6.836363358931108,11,3600,OKC@NO,OKC,NO,,,,,,PF
"","","","","","","","","","","","","","",123147-228159:Tyrese Proctor,123147-228159,PG,Tyrese,Tyrese Proctor,Proctor,8.450000127156576,12,3600,MIL@CLE,CLE,MIL,,,,,,PG
"","","","","","","","","","","","","","",123147-228160:Taelon Peter,123147-228160,PG,Taelon,Taelon Peter,Peter,6.533333248562283,9,3600,IND@DET,IND,DET,,,,,,PG
"","","","","","","","","","","","","","",123147-228169:Micah Peavy,123147-228169,SG,Micah,Micah Peavy,Peavy,5.533333248562283,9,3600,OKC@NO,NO,OKC,,,,,,SG
"","","","","","","","","","","","","","",123147-111492:Amir Coffey,123147-111492,SF,Amir,Amir Coffey,Coffey,3.869230710543119,13,3600,MIL@CLE,MIL,CLE,,,,,,SF
"","","","","","","","","","","","","","",123147-9623:Chris Paul,123147-9623,PG,Chris,Chris Paul,Paul,12.287500381469727,8,3600,LAC@PHI,LAC,PHI,,,,,,PG
"","","","","","","","","","","","","","",123147-80815:Zach Collins,123147-80815,C/PF,Zach,Zach Collins,Collins,15.93230731670673,65,3600,CHI@DEN,CHI,DEN,O,Wrist,,,,PF/C
"","","","","","","","","","","","","","",123147-145325:Josh Green,123147-145325,SG/SF,Josh,Josh Green,Green,15.755882711971507,68,3600,CHA@TOR,CHA,TOR,O,Shoulder,,,,SG/SF
"","","","","","","","","","","","","","",123147-40396:Monte Morris,123147-40396,PG,Monte,Monte Morris,Morris,8.580000305175782,5,3600,IND@DET,IND,DET,,,,,,PG
"","","","","","","","","","","","","","",123147-188418:Kobe Brown,123147-188418,SF,Kobe,Kobe Brown,Brown,5.785714285714286,7,3500,LAC@PHI,LAC,PHI,,,,,,SF
"","","","","","","","","","","","","","",123147-203782:Antonio Reeves,123147-203782,SG,Antonio,Antonio Reeves,Reeves,5.699999809265137,2,3500,CHA@TOR,CHA,TOR,,,,,,SG
"","","","","","","","","","","","","","",123147-203787:Ariel Hukporti,123147-203787,C,Ariel,Ariel Hukporti,Hukporti,4.987500190734863,8,3500,NY@MIA,NY,MIA,,,,,,C
"","","","","","","","","","","","","","",123147-203785:Isaac Jones,123147-203785,PF,Isaac,Isaac Jones,Jones,2.300000031789144,3,3500,IND@DET,DET,IND,,,,,,PF
"","","","","","","","","","","","","","",123147-203789:Tyler Kolek,123147-203789,PG,Tyler,Tyler Kolek,Kolek,4.55,10,3500,NY@MIA,NY,MIA,,,,,,PG
"","","","","","","","","","","","","","",123147-203788:Kevin McCullar,123147-203788,SF,Kevin,Kevin McCullar,McCullar,6.150000095367432,4,3500,NY@MIA,NY,MIA,Q,Back,,,,SF
"","","","","","","","","","","","","","",123147-23572:Taurean Prince,123147-23572,SF,Taurean,Taurean Prince,Prince,11.949999809265137,8,3500,MIL@CLE,MIL,CLE,O,Neck,,,,SF
"","","","","","","","","","","","","","",123147-203799:Jonathan Mogbo,123147-203799,C,Jonathan,Jonathan Mogbo,Mogbo,4.399999891008649,7,3500,CHA@TOR,TOR,CHA,,,,,,C
"","","","","","","","","","","","","","",123147-203803:Keshad Johnson,123147-203803,SF,Keshad,Keshad Johnson,Johnson,4.800000190734863,4,3500,NY@MIA,MIA,NY,,,,,,SF
"","","","","","","","","","","","","","",123147-188452:Leonard Miller,123147-188452,SF,Leonard,Leonard Miller,Miller,3.7285714830671037,7,3500,DAL@MIN,MIN,DAL,,,,,,SF
"","","","","","","","","","","","","","",123147-188458:Jalen Pickett,123147-188458,PG,Jalen,Jalen Pickett,Pickett,4.783333460489909,6,3500,CHI@DEN,DEN,CHI,,,,,,PG
"","","","","","","","","","","","","","",123147-188459:Hunter Tyson,123147-188459,SF,Hunter,Hunter Tyson,Tyson,3,5,3500,CHI@DEN,DEN,CHI,,,,,,SF
"","","","","","","","","","","","","","",123147-188463:Julian Phillips,123147-188463,SF,Julian,Julian Phillips,Phillips,4.281818043101918,11,3500,CHI@DEN,CHI,DEN,,,,,,SF
"","","","","","","","","","","","","","",123147-231474:Myron Gardner,123147-231474,SF,Myron,Myron Gardner,Gardner,5.699999809265137,1,3500,NY@MIA,MIA,NY,,,,,,SF
"","","","","","","","","","","","","","",123147-188464:Andre Jackson,123147-188464,SG,Andre,Andre Jackson,Jackson,3.066666603088379,6,3500,MIL@CLE,MIL,CLE,,,,,,SG
"","","","","","","","","","","","","","",123147-188465:Chris Livingston,123147-188465,SF,Chris,Chris Livingston,Livingston,3.899999867314878,23,3500,MIL@CLE,CLE,MIL,,,,,,SF
"","","","","","","","","","","","","","",123147-67708:Dejounte Murray,123147-67708,PG/SG,Dejounte,Dejounte Murray,Murray,40.096774193548384,31,3500,OKC@NO,NO,OKC,O,Achilles,,,,PG/SG
"","","","","","","","","","","","","","",123147-233093:Chris Youngblood,123147-233093,SG,Chris,Chris Youngblood,Youngblood,2.3500000635782876,12,3500,OKC@NO,OKC,NO,,,,,,SG
"","","","","","","","","","","","","","",123147-171658:Johnny Juzang,123147-171658,SF,Johnny,Johnny Juzang,Juzang,1.683333396911621,6,3500,DAL@MIN,MIN,DAL,,,,,,SF
"","","","","","","","","","","","","","",123147-233102:Jahmyl Telfort,123147-233102,SF,Jahmyl,Jahmyl Telfort,Telfort,1.3000000317891438,3,3500,LAC@PHI,LAC,PHI,,,,,,SF
"","","","","","","","","","","","","","",123147-14498:Kyrie Irving,123147-14498,PG,Kyrie,Kyrie Irving,Irving,40.49,50,3500,DAL@MIN,DAL,MIN,O,Knee,,,,PG
"","","","","","","","","","","","","","",123147-204448:Trey Alexander,123147-204448,SG,Trey,Trey Alexander,Alexander,2.7875000635782876,24,3500,OKC@NO,NO,OKC,,,,,,SG
"","","","","","","","","","","","","","",123147-213178:Jahmir Young,123147-213178,PG,Jahmir,Jahmir Young,Young,2.5999999046325684,2,3500,NY@MIA,MIA,NY,,,,,,PG
"","","","","","","","","","","","","","",123147-233146:Alex Antetokounmpo,123147-233146,SF,Alex,Alex Antetokounmpo,Antetokounmpo,,0,3500,MIL@CLE,MIL,CLE,,,,,,SF
"","","","","","","","","","","","","","",123147-213181:Trentyn Flowers,123147-213181,SF,Trentyn,Trentyn Flowers,Flowers,2.4666666984558105,6,3500,CHI@DEN,CHI,DEN,,,,,,SF
"","","","","","","","","","","","","","",123147-213191:Emanuel Miller,123147-213191,SF,Emanuel,Emanuel Miller,Miller,4.266666730244954,6,3500,CHI@DEN,CHI,DEN,,,,,,SF
"","","","","","","","","","","","","","",123147-195792:Drew Peterson,123147-195792,PF,Drew,Drew Peterson,Peterson,5.38,25,3500,CHA@TOR,CHA,TOR,,,,,,PF
"","","","","","","","","","","","","","",123147-229095:Curtis Jones,123147-229095,SG,Curtis,Curtis Jones,Jones,,0,3500,CHI@DEN,DEN,CHI,,,,,,SG
"","","","","","","","","","","","","","",123147-195819:Tosan Evbuomwan,123147-195819,SF,Tosan,Tosan Evbuomwan,Evbuomwan,19.875,28,3500,NY@MIA,NY,MIA,,,,,,SF
"","","","","","","","","","","","","","",123147-213226:RayJ Dennis,123147-213226,PG,RayJ,RayJ Dennis,Dennis,11.936363913796164,11,3500,IND@DET,IND,DET,,,,,,PG
"","","","","","","","","","","","","","",123147-15595:Bradley Beal,123147-15595,SG/SF,Bradley,Bradley Beal,Beal,11.666666666666666,6,3500,LAC@PHI,LAC,PHI,O,Hip,,,,SG/SF
"","","","","","","","","","","","","","",123147-67312:Thomas Bryant,123147-67312,C,Thomas,Thomas Bryant,Bryant,7.0625,8,3500,MIL@CLE,CLE,MIL,,,,,,C
"","","","","","","","","","","","","","",123147-171763:Dalen Terry,123147-171763,SF,Dalen,Dalen Terry,Terry,4.228571483067104,7,3500,CHI@DEN,CHI,DEN,,,,,,SF
"","","","","","","","","","","","","","",123147-171785:Bryce McGowens,123147-171785,SG,Bryce,Bryce McGowens,McGowens,4.94000015258789,5,3500,OKC@NO,NO,OKC,,,,,,SG
"","","","","","","","","","","","","","",123147-111372:Thanasis Antetokounmpo,123147-111372,SF,Thanasis,Thanasis Antetokounmpo,Antetokounmpo,3.049999952316284,4,3500,MIL@CLE,MIL,CLE,,,,,,SF
"","","","","","","","","","","","","","",123147-55055:Dante Exum,123147-55055,PG,Dante,Dante Exum,Exum,16.027273004705254,22,3500,DAL@MIN,DAL,MIN,O,Knee,,,,PG
"","","","","","","","","","","","","","",123147-194829:Pete Nance,123147-194829,PF,Pete,Pete Nance,Nance,11.199999809265137,1,3500,MIL@CLE,MIL,CLE,,,,,,PF
"","","","","","","","","","","","","","",123147-228115:Joan Beringer,123147-228115,C,Joan,Joan Beringer,Beringer,3.200000047683716,8,3500,DAL@MIN,MIN,DAL,,,,,,C
"","","","","","","","","","","","","","",123147-228114:Kasparas Jakucionis,123147-228114,PG/SG,Kasparas,Kasparas Jakucionis,Jakucionis,,0,3500,NY@MIA,MIA,NY,,,,,,PG/SG
"","","","","","","","","","","","","","",123147-228112:Thomas Sorber,123147-228112,PF,Thomas,Thomas Sorber,Sorber,,0,3500,OKC@NO,OKC,NO,O,Knee,,,,PF
"","","","","","","","","","","","","","",123147-160022:A.J. Lawson,123147-160022,SG,A.J.,A.J. Lawson,Lawson,16.4500004695012,26,3500,CHA@TOR,TOR,CHA,,,,,,SG
"","","","","","","","","","","","","","",123147-171798:Luke Travers,123147-171798,SF,Luke,Luke Travers,Travers,8.200000127156576,6,3500,MIL@CLE,CLE,MIL,,,,,,SF
"","","","","","","","","","","","","","",123147-228123:Noa Essengue,123147-228123,PF,Noa,Noa Essengue,Essengue,,0,3500,CHI@DEN,CHI,DEN,,,,,,PF
"","","","","","","","","","","","","","",123147-228121:Yanic Konan Niederhauser,123147-228121,C,Yanic Konan,Yanic Konan Niederhauser,Niederhauser,6.240000152587891,5,3500,LAC@PHI,LAC,PHI,,,,,,C
"","","","","","","","","","","","","","",123147-228145:Chaz Lanier,123147-228145,SG,Chaz,Chaz Lanier,Lanier,6.833333333333333,9,3500,IND@DET,DET,IND,,,,,,SG
"","","","","","","","","","","","","","",123147-228150:Mark Sears,123147-228150,PG,Mark,Mark Sears,Sears,3.540000152587891,5,3500,MIL@CLE,MIL,CLE,,,,,,PG
"","","","","","","","","","","","","","",123147-85305:Kenrich Williams,123147-85305,PF,Kenrich,Kenrich Williams,Williams,12.931764131433823,85,3500,OKC@NO,OKC,NO,O,Knee,,,,PF
"","","","","","","","","","","","","","",123147-228155:Alijah Martin,123147-228155,SG,Alijah,Alijah Martin,Martin,,0,3500,CHA@TOR,TOR,CHA,,,,,,SG
"","","","","","","","","","","","","","",123147-228152:Rocco Zikarsky,123147-228152,C,Rocco,Rocco Zikarsky,Zikarsky,,0,3500,DAL@MIN,MIN,DAL,,,,,,C
"","","","","","","","","","","","","","",123147-9535:Kyle Lowry,123147-9535,PG,Kyle,Kyle Lowry,Lowry,7.5,1,3500,LAC@PHI,PHI,LAC,,,,,,PG
"","","","","","","","","","","","","","",123147-228156:Brooks Barnhizer,123147-228156,SF,Brooks,Brooks Barnhizer,Barnhizer,4.958333333333333,12,3500,OKC@NO,OKC,NO,,,,,,SF
"","","","","","","","","","","","","","",123147-11074:Garrett Temple,123147-11074,SG,Garrett,Garrett Temple,Temple,1.5,2,3500,CHA@TOR,TOR,CHA,,,,,,SG
"","","","","","","","","","","","","","",123147-228161:Kam Jones,123147-228161,SG,Kam,Kam Jones,Jones,,0,3500,IND@DET,IND,DET,O,Back,,,,SG
"","","","","","","","","","","","","","",123147-16196:Dwight Powell,123147-16196,C,Dwight,Dwight Powell,Powell,6.881817904385653,11,3500,DAL@MIN,DAL,MIN,,,,,,C
"","","","","","","","","","","","","","",123147-228167:Mohamed Diawara,123147-228167,SF,Mohamed,Mohamed Diawara,Diawara,1.4499999682108562,6,3500,NY@MIA,NY,MIA,,,,,,SF
"","","","","","","","","","","","","","",123147-228679:Tamar Bates,123147-228679,SG,Tamar,Tamar Bates,Bates,,0,3500,CHI@DEN,DEN,CHI,,,,,,SG
"","","","","","","","","","","","","","",123147-228171:Johni Broome,123147-228171,PF,Johni,Johni Broome,Broome,3.950000047683716,2,3500,LAC@PHI,PHI,LAC,,,,,,PF
"","","","","","","","","","","","","","",123147-228170:Hunter Sallis,123147-228170,SG,Hunter,Hunter Sallis,Sallis,0.9000000158945719,3,3500,LAC@PHI,PHI,LAC,,,,,,SG
"","","","","","","","","","","","","","",123147-228175:Vladislav Goldin,123147-228175,C,Vladislav,Vladislav Goldin,Goldin,,0,3500,NY@MIA,MIA,NY,,,,,,C
"","","","","","","","","","","","","","",123147-228178:Hunter Dickinson,123147-228178,C,Hunter,Hunter Dickinson,Dickinson,3,1,3500,OKC@NO,NO,OKC,,,,,,C
"","","","","","","","","","","","","","",123147-228176:Miles Kelly,123147-228176,PG,Miles,Miles Kelly,Kelly,-1,1,3500,DAL@MIN,DAL,MIN,,,,,,PG
"","","","","","","","","","","","","","",123147-9556:Eric Gordon,123147-9556,SG,Eric,Eric Gordon,Gordon,3.5,3,3500,LAC@PHI,PHI,LAC,,,,,,SG
"","","","","","","","","","","","","","",123147-228183:Lachlan Olbrich,123147-228183,C,Lachlan,Lachlan Olbrich,Olbrich,,0,3500,CHI@DEN,CHI,DEN,,,,,,C
"","","","","","","","","","","","","","",123147-228181:Chucky Hepburn,123147-228181,PG,Chucky,Chucky Hepburn,Hepburn,,0,3500,CHA@TOR,TOR,CHA,,,,,,PG
"","","","","","","","","","","","","","",123147-9561:DeAndre Jordan,123147-9561,C,DeAndre,DeAndre Jordan,Jordan,10,2,3500,OKC@NO,NO,OKC,,,,,,C
"","","","","","","","","","","","","","",123147-195937:Trey Jemison,123147-195937,C,Trey,Trey Jemison,Jemison,2.4000000953674316,1,3500,NY@MIA,NY,MIA,,,,,,C
"","","","","","","","","","","","","","",123147-228722:Ryan Nembhard,123147-228722,PG,Ryan,Ryan Nembhard,Nembhard,4.94000015258789,5,3500,DAL@MIN,DAL,MIN,O,Knee,,,,PG
"","","","","","","","","","","","","","",123147-213367:Jamison Battle,123147-213367,SF,Jamison,Jamison Battle,Battle,6.220000076293945,10,3500,CHA@TOR,TOR,CHA,Q,Knee,,,,SF
"","","","","","","","","","","","","","",123147-145305:Zeke Nnaji,123147-145305,PF,Zeke,Zeke Nnaji,Nnaji,2.3999999364217124,6,3500,CHI@DEN,DEN,CHI,,,,,,PF
"","","","","","","","","","","","","","",123147-59318:Joe Ingles,123147-59318,SG,Joe,Joe Ingles,Ingles,1.875,4,3500,DAL@MIN,MIN,DAL,,,,,,SG
"","","","","","","","","","","","","","",123147-145339:Obi Toppin,123147-145339,PF,Obi,Obi Toppin,Toppin,25.5,3,3500,IND@DET,IND,DET,O,Foot,,,,PF
"","","","","","","","","","","","","","",123147-145337:Tyrese Haliburton,123147-145337,PG,Tyrese,Tyrese Haliburton,Haliburton,41.08541615804037,96,3500,IND@DET,IND,DET,O,Achilles,,,,PG
"","","","","","","","","","","","","","",123147-203719:Terrence Shannon,123147-203719,SF,Terrence,Terrence Shannon,Shannon,9.342857360839844,7,3500,DAL@MIN,MIN,DAL,O,Foot,,,,SF
"","","","","","","","","","","","","","",123147-203732:DaRon Holmes,123147-203732,C,DaRon,DaRon Holmes,Holmes,1.5,2,3500,CHI@DEN,DEN,CHI,,,,,,C
"","","","","","","","","","","","","","",123147-203763:Nikola Topic,123147-203763,PG,Nikola,Nikola Topic,Topic,,0,3500,OKC@NO,OKC,NO,O,Groin,,,,PG
"","","","","","","","","","","","","","",123147-203760:Pacome Dadiet,123147-203760,SF,Pacome,Pacome Dadiet,Dadiet,2.1200000762939455,5,3500,NY@MIA,NY,MIA,,,,,,SF
"","","","","","","","","","","","","","",123147-203766:Tidjane Salaun,123147-203766,PF/SF,Tidjane,Tidjane Salaun,Salaun,9.357142857142858,7,3500,CHA@TOR,CHA,TOR,,,,,,SF/PF
"","","","","","","","","","","","","","",123147-203774:Enrique Freeman,123147-203774,PF,Enrique,Enrique Freeman,Freeman,4.886363636363637,22,3500,DAL@MIN,MIN,DAL,,,,,,PF
"","","","","","","","","","","","","","",123147-203773:Johnny Furphy,123147-203773,SG/SF,Johnny,Johnny Furphy,Furphy,6.066666920979817,3,3500,IND@DET,IND,DET,O,Ankle,,,,SG/SF